design_id,source,design,plate_type,answer,axis,fg_hex,fg_dots,bg_hex,bg_dots,pair_weight,fg_x,fg_y,bg_x,bg_y,dev_xy,dev_mb_ss1,dev_uv,delta
Z01,ZEISS,ishihara_1,demonstration,12,protan,#f15f12,101,#5c8687,484,48884,0.569757,0.379053,0.268553,0.326924,27.7299,5.0472,20.6853,1.735112
Z01,ZEISS,ishihara_1,demonstration,12,deutan,#f15f12,101,#5c8687,484,48884,0.569757,0.379053,0.268553,0.326924,47.8202,7.704,31.8651,2.41203
Z02,ZEISS,ishihara_2,transformation,8,protan,#eb4825,68,#444329,240,16320,0.581506,0.353364,0.366226,0.413009,13.4963,1.4978,6.658,0.594316
Z02,ZEISS,ishihara_2,transformation,8,deutan,#eb4825,68,#444329,240,16320,0.581506,0.353364,0.366226,0.413009,26.3819,2.7448,12.295,1.244099
Z02,ZEISS,ishihara_2,transformation,8,protan,#eb4825,68,#aaa35f,193,13124,0.581506,0.353364,0.380919,0.426839,7.1045,0.8397,3.7409,0.434526
Z02,ZEISS,ishihara_2,transformation,8,deutan,#eb4825,68,#aaa35f,193,13124,0.581506,0.353364,0.380919,0.426839,20.4851,2.3537,10.4064,1.06806
Z02,ZEISS,ishihara_2,transformation,8,protan,#eb4825,68,#928237,174,11832,0.581506,0.353364,0.412793,0.449511,1.3119,0.1378,0.6223,0.076666
Z02,ZEISS,ishihara_2,transformation,8,deutan,#eb4825,68,#928237,174,11832,0.581506,0.353364,0.412793,0.449511,12.1409,1.2517,5.6312,0.670828
Z02,ZEISS,ishihara_2,transformation,8,protan,#f88c4f,33,#444329,240,7920,0.489393,0.388316,0.366226,0.413009,15.8864,1.9585,8.6979,0.318837
Z02,ZEISS,ishihara_2,transformation,8,deutan,#f88c4f,33,#444329,240,7920,0.489393,0.388316,0.366226,0.413009,29.3571,3.462,15.3306,0.623517
Z02,ZEISS,ishihara_2,transformation,8,protan,#f88c4f,33,#aaa35f,193,6369,0.489393,0.388316,0.380919,0.426839,7.1759,0.8771,3.9055,0.159048
Z02,ZEISS,ishihara_2,transformation,8,deutan,#f88c4f,33,#aaa35f,193,6369,0.489393,0.388316,0.380919,0.426839,20.624,2.4787,10.8954,0.447477
Z02,ZEISS,ishihara_2,transformation,8,protan,#f88c4f,33,#928237,174,5742,0.489393,0.388316,0.412793,0.449511,9.593,1.079,4.7845,0.198813
Z02,ZEISS,ishihara_2,transformation,8,deutan,#f88c4f,33,#928237,174,5742,0.489393,0.388316,0.412793,0.449511,2.3362,0.2639,1.1538,0.050246
Z03,ZEISS,ishihara_3,transformation,29,protan,#e17974,41,#ae9c35,187,7667,0.444568,0.335185,0.421262,0.464053,55.5958,8.4255,31.906,1.138759
Z03,ZEISS,ishihara_3,transformation,29,deutan,#e17974,41,#ae9c35,187,7667,0.444568,0.335185,0.421262,0.464053,40.2335,6.5407,23.7632,0.897324
Z03,ZEISS,ishihara_3,transformation,29,protan,#e17974,41,#7c722c,172,7052,0.444568,0.335185,0.409822,0.457431,53.3214,7.5841,29.5474,0.98847
Z03,ZEISS,ishihara_3,transformation,29,deutan,#e17974,41,#7c722c,172,7052,0.444568,0.335185,0.409822,0.457431,35.3608,5.3144,19.8596,0.732311
Z03,ZEISS,ishihara_3,transformation,29,protan,#e17974,41,#928237,131,5371,0.444568,0.335185,0.412793,0.449511,52.8465,7.5744,29.4411,0.925891
Z03,ZEISS,ishihara_3,transformation,29,deutan,#e17974,41,#928237,131,5371,0.444568,0.335185,0.412793,0.449511,35.5355,5.3988,20.1301,0.682991
Z03,ZEISS,ishihara_3,transformation,29,protan,#d05658,29,#ae9c35,187,5423,0.48999,0.327221,0.421262,0.464053,36.5231,4.5355,18.9723,1.088244
Z03,ZEISS,ishihara_3,transformation,29,deutan,#d05658,29,#ae9c35,187,5423,0.48999,0.327221,0.421262,0.464053,22.9822,2.9605,12.0728,0.694531
Z03,ZEISS,ishihara_3,transformation,29,protan,#d05658,29,#7c722c,172,4988,0.48999,0.327221,0.409822,0.457431,35.054,4.2168,17.8095,0.937954
Z03,ZEISS,ishihara_3,transformation,29,deutan,#d05658,29,#7c722c,172,4988,0.48999,0.327221,0.409822,0.457431,18.6895,2.2862,9.4318,0.529518
Z03,ZEISS,ishihara_3,transformation,29,protan,#d05658,29,#928237,131,3799,0.48999,0.327221,0.412793,0.449511,33.6876,4.0822,17.2395,0.875376
Z03,ZEISS,ishihara_3,transformation,29,deutan,#d05658,29,#928237,131,3799,0.48999,0.327221,0.412793,0.449511,17.9598,2.2222,9.1589,0.480199
Z03,ZEISS,ishihara_3,transformation,29,protan,#bc4520,21,#ae9c35,187,3927,0.560912,0.365048,0.421262,0.464053,2.6835,0.291,1.3121,0.154039
Z03,ZEISS,ishihara_3,transformation,29,deutan,#bc4520,21,#ae9c35,187,3927,0.560912,0.365048,0.421262,0.464053,6.5148,0.7105,3.1704,0.338154
Z03,ZEISS,ishihara_3,transformation,29,protan,#bc4520,21,#7c722c,172,3612,0.560912,0.365048,0.409822,0.457431,0.0734,0.0078,0.0354,0.00375
Z03,ZEISS,ishihara_3,transformation,29,deutan,#bc4520,21,#7c722c,172,3612,0.560912,0.365048,0.409822,0.457431,10.2865,1.0902,4.8848,0.503167
Z03,ZEISS,ishihara_3,transformation,29,protan,#bc4520,21,#928237,131,2751,0.560912,0.365048,0.412793,0.449511,1.1619,0.1269,0.5717,0.058828
Z03,ZEISS,ishihara_3,transformation,29,deutan,#bc4520,21,#928237,131,2751,0.560912,0.365048,0.412793,0.449511,11.825,1.282,5.7264,0.552486
Z03,ZEISS,ishihara_3,transformation,29,protan,#fca054,17,#ae9c35,187,3179,0.471129,0.403137,0.421262,0.464053,20.0482,2.3396,10.1871,0.35329
Z03,ZEISS,ishihara_3,transformation,29,deutan,#fca054,17,#ae9c35,187,3179,0.471129,0.403137,0.421262,0.464053,9.4902,1.1363,4.8575,0.174668
Z03,ZEISS,ishihara_3,transformation,29,protan,#fca054,17,#7c722c,172,2924,0.471129,0.403137,0.409822,0.457431,12.0026,1.3664,6.0346,0.203001
Z03,ZEISS,ishihara_3,transformation,29,deutan,#fca054,17,#7c722c,172,2924,0.471129,0.403137,0.409822,0.457431,0.5384,0.062,0.2696,0.009654
Z03,ZEISS,ishihara_3,transformation,29,protan,#fca054,17,#928237,131,2227,0.471129,0.403137,0.412793,0.449511,9.0518,1.0337,4.5793,0.140423
Z03,ZEISS,ishihara_3,transformation,29,deutan,#fca054,17,#928237,131,2227,0.471129,0.403137,0.412793,0.449511,2.4552,0.2831,1.2346,0.039665
Z03,ZEISS,ishihara_3,transformation,29,protan,#7fa96d,14,#ae9c35,187,2618,0.323819,0.428288,0.421262,0.464053,47.3583,7.4873,33.2513,0.749162
Z03,ZEISS,ishihara_3,transformation,29,deutan,#7fa96d,14,#ae9c35,187,2618,0.323819,0.428288,0.421262,0.464053,59.6923,9.1328,40.3194,0.901203
Z03,ZEISS,ishihara_3,transformation,29,protan,#7fa96d,14,#7c722c,172,2408,0.323819,0.428288,0.409822,0.457431,43.8846,7.0033,31.1906,0.598872
Z03,ZEISS,ishihara_3,transformation,29,deutan,#7fa96d,14,#7c722c,172,2408,0.323819,0.428288,0.409822,0.457431,57.5015,8.9045,39.2576,0.73619
Z03,ZEISS,ishihara_3,transformation,29,protan,#7fa96d,14,#928237,131,1834,0.323819,0.428288,0.412793,0.449511,38.8848,5.9115,26.5491,0.536294
Z03,ZEISS,ishihara_3,transformation,29,deutan,#7fa96d,14,#928237,131,1834,0.323819,0.428288,0.412793,0.449511,52.3609,7.7668,34.445,0.68687
Z03,ZEISS,ishihara_3,transformation,29,protan,#006e40,13,#ae9c35,187,2431,0.262626,0.465439,0.421262,0.464053,29.6285,3.8209,17.614,0.680767
Z03,ZEISS,ishihara_3,transformation,29,deutan,#006e40,13,#ae9c35,187,2431,0.262626,0.465439,0.421262,0.464053,39.9286,5.1482,23.3864,0.960124
Z03,ZEISS,ishihara_3,transformation,29,protan,#006e40,13,#7c722c,172,2236,0.262626,0.465439,0.409822,0.457431,24.6769,3.2776,15.0495,0.530478
Z03,ZEISS,ishihara_3,transformation,29,deutan,#006e40,13,#7c722c,172,2236,0.262626,0.465439,0.409822,0.457431,36.3917,4.884,21.9319,0.795111
Z03,ZEISS,ishihara_3,transformation,29,protan,#006e40,13,#928237,131,1703,0.262626,0.465439,0.412793,0.449511,21.8459,2.8655,13.0939,0.4679
Z03,ZEISS,ishihara_3,transformation,29,deutan,#006e40,13,#928237,131,1703,0.262626,0.465439,0.412793,0.449511,33.6045,4.4444,19.8813,0.745792
Z03,ZEISS,ishihara_3,transformation,29,protan,#f67e34,13,#ae9c35,187,2431,0.521468,0.393335,0.421262,0.464053,2.5772,0.2776,1.2527,0.08781
Z03,ZEISS,ishihara_3,transformation,29,deutan,#f67e34,13,#ae9c35,187,2431,0.521468,0.393335,0.421262,0.464053,6.6704,0.7215,3.2238,0.22756
Z03,ZEISS,ishihara_3,transformation,29,protan,#f67e34,13,#7c722c,172,2236,0.521468,0.393335,0.409822,0.457431,1.9805,0.2119,0.9584,0.062479
Z03,ZEISS,ishihara_3,transformation,29,deutan,#f67e34,13,#7c722c,172,2236,0.521468,0.393335,0.409822,0.457431,11.9576,1.2695,5.7018,0.392574
Z03,ZEISS,ishihara_3,transformation,29,protan,#f67e34,13,#928237,131,1703,0.521468,0.393335,0.412793,0.449511,4.1099,0.4475,2.0228,0.125057
Z03,ZEISS,ishihara_3,transformation,29,deutan,#f67e34,13,#928237,131,1703,0.521468,0.393335,0.412793,0.449511,14.3339,1.5469,6.9401,0.441893
Z04,ZEISS,ishihara_4,transformation,5,protan,#928237,30,#f88c4f,288,8640,0.412793,0.449511,0.489393,0.388316,9.593,1.079,4.7845,0.198813
Z04,ZEISS,ishihara_4,transformation,5,deutan,#928237,30,#f88c4f,288,8640,0.412793,0.449511,0.489393,0.388316,2.3362,0.2639,1.1538,0.050246
Z04,ZEISS,ishihara_4,transformation,5,protan,#928237,30,#eb4825,254,7620,0.412793,0.449511,0.581506,0.353364,1.3119,0.1378,0.6223,0.076666
Z04,ZEISS,ishihara_4,transformation,5,deutan,#928237,30,#eb4825,254,7620,0.412793,0.449511,0.581506,0.353364,12.1409,1.2517,5.6312,0.670828
Z04,ZEISS,ishihara_4,transformation,5,protan,#928237,30,#f15f12,105,3150,0.412793,0.449511,0.569757,0.379053,8.6815,0.9169,4.1693,0.47591
Z04,ZEISS,ishihara_4,transformation,5,deutan,#928237,30,#f15f12,105,3150,0.412793,0.449511,0.569757,0.379053,18.0019,1.8713,8.4786,0.953576
Z04,ZEISS,ishihara_4,transformation,5,protan,#aaa35f,26,#f88c4f,288,7488,0.380919,0.426839,0.489393,0.388316,7.1759,0.8771,3.9055,0.159048
Z04,ZEISS,ishihara_4,transformation,5,deutan,#aaa35f,26,#f88c4f,288,7488,0.380919,0.426839,0.489393,0.388316,20.624,2.4787,10.8954,0.447477
Z04,ZEISS,ishihara_4,transformation,5,protan,#aaa35f,26,#eb4825,254,6604,0.380919,0.426839,0.581506,0.353364,7.1045,0.8397,3.7409,0.434526
Z04,ZEISS,ishihara_4,transformation,5,deutan,#aaa35f,26,#eb4825,254,6604,0.380919,0.426839,0.581506,0.353364,20.4851,2.3537,10.4064,1.06806
Z04,ZEISS,ishihara_4,transformation,5,protan,#aaa35f,26,#f15f12,105,2730,0.380919,0.426839,0.569757,0.379053,14.5793,1.7396,7.7999,0.833771
Z04,ZEISS,ishihara_4,transformation,5,deutan,#aaa35f,26,#f15f12,105,2730,0.380919,0.426839,0.569757,0.379053,26.7412,3.1017,13.8247,1.350807
Z04,ZEISS,ishihara_4,transformation,5,protan,#b64c4e,23,#f88c4f,288,6624,0.485197,0.326874,0.489393,0.388316,69.5144,10.1969,38.7926,0.695107
Z04,ZEISS,ishihara_4,transformation,5,deutan,#b64c4e,23,#f88c4f,288,6624,0.485197,0.326874,0.489393,0.388316,53.6216,8.4268,31.0247,0.562584
Z04,ZEISS,ishihara_4,transformation,5,protan,#b64c4e,23,#eb4825,254,5842,0.485197,0.326874,0.581506,0.353364,39.0905,7.7856,29.1976,0.970586
Z04,ZEISS,ishihara_4,transformation,5,deutan,#b64c4e,23,#eb4825,254,5842,0.485197,0.326874,0.581506,0.353364,56.314,9.5355,36.9771,1.183166
Z04,ZEISS,ishihara_4,transformation,5,protan,#b64c4e,23,#f15f12,105,2415,0.485197,0.326874,0.569757,0.379053,58.4698,20.1161,55.3247,1.369831
Z04,ZEISS,ishihara_4,transformation,5,deutan,#b64c4e,23,#f15f12,105,2415,0.485197,0.326874,0.569757,0.379053,73.0575,21.5746,61.8605,1.465914
Z04,ZEISS,ishihara_4,transformation,5,protan,#444329,20,#f88c4f,288,5760,0.366226,0.413009,0.489393,0.388316,15.8864,1.9585,8.6979,0.318837
Z04,ZEISS,ishihara_4,transformation,5,deutan,#444329,20,#f88c4f,288,5760,0.366226,0.413009,0.489393,0.388316,29.3571,3.462,15.3306,0.623517
Z04,ZEISS,ishihara_4,transformation,5,protan,#444329,20,#eb4825,254,5080,0.366226,0.413009,0.581506,0.353364,13.4963,1.4978,6.658,0.594316
Z04,ZEISS,ishihara_4,transformation,5,deutan,#444329,20,#eb4825,254,5080,0.366226,0.413009,0.581506,0.353364,26.3819,2.7448,12.295,1.244099
Z04,ZEISS,ishihara_4,transformation,5,protan,#444329,20,#f15f12,105,2100,0.366226,0.413009,0.569757,0.379053,22.9192,2.5868,11.5746,0.993561
Z04,ZEISS,ishihara_4,transformation,5,deutan,#444329,20,#f15f12,105,2100,0.366226,0.413009,0.569757,0.379053,32.9208,3.5493,15.9546,1.526847
Z05,ZEISS,ishihara_5,transformation,3,protan,#1c6237,35,#ed4815,202,7070,0.278145,0.46514,0.591506,0.359125,11.2736,1.2414,5.5736,0.787271
Z05,ZEISS,ishihara_5,transformation,3,deutan,#1c6237,35,#ed4815,202,7070,0.278145,0.46514,0.591506,0.359125,23.0237,2.436,10.9442,1.643681
Z05,ZEISS,ishihara_5,transformation,3,protan,#1c6237,35,#f47539,168,5880,0.278145,0.46514,0.526071,0.382056,10.1031,1.1712,5.245,0.421163
Z05,ZEISS,ishihara_5,transformation,3,deutan,#1c6237,35,#f47539,168,5880,0.278145,0.46514,0.526071,0.382056,22.5032,2.5341,11.2881,1.026236
Z05,ZEISS,ishihara_5,transformation,3,protan,#1c6237,35,#fb8a06,168,5880,0.278145,0.46514,0.52774,0.417609,22.6834,2.5812,11.7646,1.078743
Z05,ZEISS,ishihara_5,transformation,3,deutan,#1c6237,35,#fb8a06,168,5880,0.278145,0.46514,0.52774,0.417609,31.3432,3.502,15.906,1.612841
Z05,ZEISS,ishihara_5,transformation,3,protan,#5c8a69,30,#ed4815,202,6060,0.296231,0.396259,0.591506,0.359125,16.057,2.1891,9.5358,1.166887
Z05,ZEISS,ishihara_5,transformation,3,deutan,#5c8a69,30,#ed4815,202,6060,0.296231,0.396259,0.591506,0.359125,32.4209,4.1409,17.9892,1.955784
Z05,ZEISS,ishihara_5,transformation,3,protan,#5c8a69,30,#f47539,168,5040,0.296231,0.396259,0.526071,0.382056,20.1789,2.8236,12.3582,0.800779
Z05,ZEISS,ishihara_5,transformation,3,deutan,#5c8a69,30,#f47539,168,5040,0.296231,0.396259,0.526071,0.382056,35.9034,4.754,20.689,1.338339
Z05,ZEISS,ishihara_5,transformation,3,protan,#5c8a69,30,#fb8a06,168,5040,0.296231,0.396259,0.52774,0.417609,32.7303,4.6395,20.4608,1.458359
Z05,ZEISS,ishihara_5,transformation,3,deutan,#5c8a69,30,#fb8a06,168,5040,0.296231,0.396259,0.52774,0.417609,45.6353,6.1637,27.1318,1.924943
Z05,ZEISS,ishihara_5,transformation,3,protan,#65592d,14,#ed4815,202,2828,0.401402,0.430743,0.591506,0.359125,10.8492,1.1337,5.1186,0.59785
Z05,ZEISS,ishihara_5,transformation,3,deutan,#65592d,14,#ed4815,202,2828,0.401402,0.430743,0.591506,0.359125,21.607,2.1696,9.8247,1.205749
Z05,ZEISS,ishihara_5,transformation,3,protan,#65592d,14,#f47539,168,2352,0.401402,0.430743,0.526071,0.382056,8.2977,0.9203,4.1352,0.231742
Z05,ZEISS,ishihara_5,transformation,3,deutan,#65592d,14,#f47539,168,2352,0.401402,0.430743,0.526071,0.382056,20.126,2.1657,9.7022,0.588304
Z05,ZEISS,ishihara_5,transformation,3,protan,#65592d,14,#fb8a06,168,2352,0.401402,0.430743,0.52774,0.417609,28.5689,3.2887,14.9317,0.889322
Z05,ZEISS,ishihara_5,transformation,3,deutan,#65592d,14,#fb8a06,168,2352,0.401402,0.430743,0.52774,0.417609,36.5641,4.1065,18.6367,1.174908
Z05,ZEISS,ishihara_5,transformation,3,protan,#a99231,12,#ed4815,202,2424,0.428131,0.459917,0.591506,0.359125,1.9289,0.1972,0.898,0.143319
Z05,ZEISS,ishihara_5,transformation,3,deutan,#a99231,12,#ed4815,202,2424,0.428131,0.459917,0.591506,0.359125,10.6968,1.0846,4.9169,0.730002
Z05,ZEISS,ishihara_5,transformation,3,protan,#a99231,12,#f47539,168,2016,0.428131,0.459917,0.526071,0.382056,6.5796,0.7031,3.1601,0.22279
Z05,ZEISS,ishihara_5,transformation,3,deutan,#a99231,12,#f47539,168,2016,0.428131,0.459917,0.526071,0.382056,3.3005,0.3537,1.5746,0.112556
Z05,ZEISS,ishihara_5,transformation,3,protan,#a99231,12,#fb8a06,168,2016,0.428131,0.459917,0.52774,0.417609,12.1136,1.2861,5.8982,0.434791
Z05,ZEISS,ishihara_5,transformation,3,deutan,#a99231,12,#fb8a06,168,2016,0.428131,0.459917,0.52774,0.417609,19.5134,2.0629,9.4099,0.699161
Z05,ZEISS,ishihara_5,transformation,3,protan,#7c722c,10,#ed4815,202,2020,0.409822,0.457431,0.591506,0.359125,4.4265,0.4485,2.041,0.297579
Z05,ZEISS,ishihara_5,transformation,3,deutan,#7c722c,10,#ed4815,202,2020,0.409822,0.457431,0.591506,0.359125,13.9407,1.3853,6.2938,0.915792
Z05,ZEISS,ishihara_5,transformation,3,protan,#7c722c,10,#f47539,168,1680,0.409822,0.457431,0.526071,0.382056,2.0764,0.2218,0.9986,0.06853
Z05,ZEISS,ishihara_5,transformation,3,deutan,#7c722c,10,#f47539,168,1680,0.409822,0.457431,0.526071,0.382056,8.6764,0.9189,4.1071,0.298347
Z05,ZEISS,ishihara_5,transformation,3,protan,#7c722c,10,#fb8a06,168,1680,0.409822,0.457431,0.52774,0.417609,16.3474,1.7487,8.0175,0.58905
Z05,ZEISS,ishihara_5,transformation,3,deutan,#7c722c,10,#fb8a06,168,1680,0.409822,0.457431,0.52774,0.417609,23.8928,2.5302,11.5555,0.884952
Z05,ZEISS,ishihara_5,transformation,3,protan,#f58056,9,#ed4815,202,1818,0.491394,0.370962,0.591506,0.359125,21.273,2.6245,11.4756,0.751273
Z05,ZEISS,ishihara_5,transformation,3,deutan,#f58056,9,#ed4815,202,1818,0.491394,0.370962,0.591506,0.359125,34.7895,3.9762,17.546,1.066691
Z05,ZEISS,ishihara_5,transformation,3,protan,#f58056,9,#f47539,168,1512,0.491394,0.370962,0.526071,0.382056,45.2723,8.2712,32.6878,0.385164
Z05,ZEISS,ishihara_5,transformation,3,deutan,#f58056,9,#f47539,168,1512,0.491394,0.370962,0.526071,0.382056,58.89,9.7003,39.0543,0.449246
Z05,ZEISS,ishihara_5,transformation,3,protan,#f58056,9,#fb8a06,168,1512,0.491394,0.370962,0.52774,0.417609,82.9662,70.9127,84.6157,1.042744
Z05,ZEISS,ishihara_5,transformation,3,deutan,#f58056,9,#fb8a06,168,1512,0.491394,0.370962,0.52774,0.417609,86.1059,69.792,79.5751,1.03585
Z05,ZEISS,ishihara_5,transformation,3,protan,#ad3123,7,#ed4815,202,1414,0.5715,0.343546,0.591506,0.359125,70.0643,54.4545,74.5196,0.578991
Z05,ZEISS,ishihara_5,transformation,3,deutan,#ad3123,7,#ed4815,202,1414,0.5715,0.343546,0.591506,0.359125,80.7426,55.3887,78.8275,0.586117
Z05,ZEISS,ishihara_5,transformation,3,protan,#ad3123,7,#f47539,168,1176,0.5715,0.343546,0.526071,0.382056,10.3933,1.0157,4.5944,0.212883
Z05,ZEISS,ishihara_5,transformation,3,deutan,#ad3123,7,#f47539,168,1176,0.5715,0.343546,0.526071,0.382056,1.6652,0.1587,0.7177,0.031328
Z05,ZEISS,ishihara_5,transformation,3,protan,#ad3123,7,#fb8a06,168,1176,0.5715,0.343546,0.52774,0.417609,24.292,2.3503,10.6497,0.870463
Z05,ZEISS,ishihara_5,transformation,3,deutan,#ad3123,7,#fb8a06,168,1176,0.5715,0.343546,0.52774,0.417609,16.5112,1.6116,7.2654,0.555276
Z06,ZEISS,ishihara_6,transformation,15,protan,#444329,62,#eb4825,247,15314,0.366226,0.413009,0.581506,0.353364,13.4963,1.4978,6.658,0.594316
Z06,ZEISS,ishihara_6,transformation,15,deutan,#444329,62,#eb4825,247,15314,0.366226,0.413009,0.581506,0.353364,26.3819,2.7448,12.295,1.244099
Z06,ZEISS,ishihara_6,transformation,15,protan,#444329,62,#f88c4f,199,12338,0.366226,0.413009,0.489393,0.388316,15.8864,1.9585,8.6979,0.318837
Z06,ZEISS,ishihara_6,transformation,15,deutan,#444329,62,#f88c4f,199,12338,0.366226,0.413009,0.489393,0.388316,29.3571,3.462,15.3306,0.623517
Z06,ZEISS,ishihara_6,transformation,15,protan,#444329,62,#f15f12,162,10044,0.366226,0.413009,0.569757,0.379053,22.9192,2.5868,11.5746,0.993561
Z06,ZEISS,ishihara_6,transformation,15,deutan,#444329,62,#f15f12,162,10044,0.366226,0.413009,0.569757,0.379053,32.9208,3.5493,15.9546,1.526847
Z06,ZEISS,ishihara_6,transformation,15,protan,#928237,60,#eb4825,247,14820,0.412793,0.449511,0.581506,0.353364,1.3119,0.1378,0.6223,0.076666
Z06,ZEISS,ishihara_6,transformation,15,deutan,#928237,60,#eb4825,247,14820,0.412793,0.449511,0.581506,0.353364,12.1409,1.2517,5.6312,0.670828
Z06,ZEISS,ishihara_6,transformation,15,protan,#928237,60,#f88c4f,199,11940,0.412793,0.449511,0.489393,0.388316,9.593,1.079,4.7845,0.198813
Z06,ZEISS,ishihara_6,transformation,15,deutan,#928237,60,#f88c4f,199,11940,0.412793,0.449511,0.489393,0.388316,2.3362,0.2639,1.1538,0.050246
Z06,ZEISS,ishihara_6,transformation,15,protan,#928237,60,#f15f12,162,9720,0.412793,0.449511,0.569757,0.379053,8.6815,0.9169,4.1693,0.47591
Z06,ZEISS,ishihara_6,transformation,15,deutan,#928237,60,#f15f12,162,9720,0.412793,0.449511,0.569757,0.379053,18.0019,1.8713,8.4786,0.953576
Z06,ZEISS,ishihara_6,transformation,15,protan,#c80026,20,#eb4825,247,4940,0.611175,0.31405,0.581506,0.353364,23.5888,2.0038,9.2576,0.48453
Z06,ZEISS,ishihara_6,transformation,15,deutan,#c80026,20,#eb4825,247,4940,0.611175,0.31405,0.581506,0.353364,10.419,0.8526,3.9717,0.198386
Z06,ZEISS,ishihara_6,transformation,15,protan,#c80026,20,#f88c4f,199,3980,0.611175,0.31405,0.489393,0.388316,3.9214,0.4115,1.8405,0.209051
Z06,ZEISS,ishihara_6,transformation,15,deutan,#c80026,20,#f88c4f,199,3980,0.611175,0.31405,0.489393,0.388316,9.9607,1.0026,4.4861,0.422196
Z06,ZEISS,ishihara_6,transformation,15,protan,#c80026,20,#f15f12,162,3240,0.611175,0.31405,0.569757,0.379053,24.8717,2.1298,9.8676,0.883775
Z06,ZEISS,ishihara_6,transformation,15,deutan,#c80026,20,#f15f12,162,3240,0.611175,0.31405,0.569757,0.379053,14.594,1.2325,5.726,0.481134
Z07,ZEISS,ishihara_7,transformation,74,protan,#1c6237,46,#bd4e27,197,9062,0.278145,0.46514,0.543378,0.37044,7.7905,0.926,4.1309,0.398275
Z07,ZEISS,ishihara_7,transformation,74,deutan,#1c6237,46,#bd4e27,197,9062,0.278145,0.46514,0.543378,0.37044,20.9259,2.4273,10.7335,1.078566
Z07,ZEISS,ishihara_7,transformation,74,protan,#1c6237,46,#dd8330,186,8556,0.278145,0.46514,0.498317,0.412168,16.7306,1.9866,8.9855,0.614794
Z07,ZEISS,ishihara_7,transformation,74,deutan,#1c6237,46,#dd8330,186,8556,0.278145,0.46514,0.498317,0.412168,27.5973,3.2252,14.467,1.092236
Z07,ZEISS,ishihara_7,transformation,74,protan,#1c6237,46,#fb9335,137,6302,0.278145,0.46514,0.502483,0.41133,17.4253,2.0365,9.2191,0.642766
Z07,ZEISS,ishihara_7,transformation,74,deutan,#1c6237,46,#fb9335,137,6302,0.278145,0.46514,0.502483,0.41133,27.9056,3.2012,14.3986,1.131094
Z07,ZEISS,ishihara_7,transformation,74,protan,#5c8a69,36,#bd4e27,197,7092,0.296231,0.396259,0.543378,0.37044,15.5302,2.2355,9.7513,0.777891
Z07,ZEISS,ishihara_7,transformation,74,deutan,#5c8a69,36,#bd4e27,197,7092,0.296231,0.396259,0.543378,0.37044,32.5731,4.4769,19.2689,1.390668
Z07,ZEISS,ishihara_7,transformation,74,protan,#5c8a69,36,#dd8330,186,6696,0.296231,0.396259,0.498317,0.412168,29.444,4.308,18.9729,0.99441
Z07,ZEISS,ishihara_7,transformation,74,deutan,#5c8a69,36,#dd8330,186,6696,0.296231,0.396259,0.498317,0.412168,43.9584,6.137,26.8551,1.404338
Z07,ZEISS,ishihara_7,transformation,74,protan,#5c8a69,36,#fb9335,137,4932,0.296231,0.396259,0.502483,0.41133,30.2475,4.3377,19.1102,1.022382
Z07,ZEISS,ishihara_7,transformation,74,deutan,#5c8a69,36,#fb9335,137,4932,0.296231,0.396259,0.502483,0.41133,44.0881,6.0219,26.4264,1.443196
Z07,ZEISS,ishihara_7,transformation,74,protan,#65592d,28,#bd4e27,197,5516,0.401402,0.430743,0.543378,0.37044,5.9342,0.6612,2.964,0.208854
Z07,ZEISS,ishihara_7,transformation,74,deutan,#65592d,28,#bd4e27,197,5516,0.401402,0.430743,0.543378,0.37044,18.2554,1.9751,8.819,0.640633
Z07,ZEISS,ishihara_7,transformation,74,protan,#65592d,28,#dd8330,186,5208,0.401402,0.430743,0.498317,0.412168,20.4274,2.3958,10.835,0.425373
Z07,ZEISS,ishihara_7,transformation,74,deutan,#65592d,28,#dd8330,186,5208,0.401402,0.430743,0.498317,0.412168,30.7203,3.5169,15.8388,0.654303
Z07,ZEISS,ishihara_7,transformation,74,protan,#65592d,28,#fb9335,137,3836,0.401402,0.430743,0.502483,0.41133,20.9016,2.4257,10.9766,0.453345
Z07,ZEISS,ishihara_7,transformation,74,deutan,#65592d,28,#fb9335,137,3836,0.401402,0.430743,0.502483,0.41133,30.8792,3.4947,15.7635,0.693162
Z07,ZEISS,ishihara_7,transformation,74,protan,#f58056,26,#bd4e27,197,5122,0.491394,0.370962,0.543378,0.37044,25.9723,3.5401,15.265,0.362276
Z07,ZEISS,ishihara_7,transformation,74,deutan,#f58056,26,#bd4e27,197,5122,0.491394,0.370962,0.543378,0.37044,40.3909,5.0631,22.0307,0.501576
Z07,ZEISS,ishihara_7,transformation,74,protan,#f58056,26,#dd8330,186,4836,0.491394,0.370962,0.498317,0.412168,70.903,11.6808,42.2889,0.578795
Z07,ZEISS,ishihara_7,transformation,74,deutan,#f58056,26,#dd8330,186,4836,0.491394,0.370962,0.498317,0.412168,58.3292,10.338,36.31,0.515246
Z07,ZEISS,ishihara_7,transformation,74,protan,#f58056,26,#fb9335,137,3562,0.491394,0.370962,0.502483,0.41133,76.0731,14.4322,48.4099,0.606767
Z07,ZEISS,ishihara_7,transformation,74,deutan,#f58056,26,#fb9335,137,3562,0.491394,0.370962,0.502483,0.41133,63.9915,13.1532,42.7007,0.554104
Z07,ZEISS,ishihara_7,transformation,74,protan,#a99231,21,#bd4e27,197,4137,0.428131,0.459917,0.543378,0.37044,5.5695,0.6026,2.7082,0.245678
Z07,ZEISS,ishihara_7,transformation,74,deutan,#a99231,21,#bd4e27,197,4137,0.428131,0.459917,0.543378,0.37044,3.9605,0.4312,1.9173,0.164886
Z07,ZEISS,ishihara_7,transformation,74,protan,#a99231,21,#dd8330,186,3906,0.428131,0.459917,0.498317,0.412168,1.2589,0.1375,0.6207,0.029158
Z07,ZEISS,ishihara_7,transformation,74,deutan,#a99231,21,#dd8330,186,3906,0.428131,0.459917,0.498317,0.412168,7.6456,0.8409,3.7561,0.178556
Z07,ZEISS,ishihara_7,transformation,74,protan,#a99231,21,#fb9335,137,2877,0.428131,0.459917,0.502483,0.41133,0.0489,0.0053,0.0239,0.001186
Z07,ZEISS,ishihara_7,transformation,74,deutan,#a99231,21,#fb9335,137,2877,0.428131,0.459917,0.502483,0.41133,8.8024,0.9542,4.2773,0.217414
Z07,ZEISS,ishihara_7,transformation,74,protan,#ad3123,17,#bd4e27,197,3349,0.5715,0.343546,0.543378,0.37044,14.4388,1.36,6.1734,0.189995
Z07,ZEISS,ishihara_7,transformation,74,deutan,#ad3123,17,#bd4e27,197,3349,0.5715,0.343546,0.543378,0.37044,1.674,0.1528,0.6953,0.021001
Z07,ZEISS,ishihara_7,transformation,74,protan,#ad3123,17,#dd8330,186,3162,0.5715,0.343546,0.498317,0.412168,11.4805,1.1479,5.1858,0.406514
Z07,ZEISS,ishihara_7,transformation,74,deutan,#ad3123,17,#dd8330,186,3162,0.5715,0.343546,0.498317,0.412168,1.0769,0.107,0.4808,0.034672
Z07,ZEISS,ishihara_7,transformation,74,protan,#ad3123,17,#fb9335,137,2329,0.5715,0.343546,0.502483,0.41133,12.3493,1.2336,5.5742,0.434486
Z07,ZEISS,ishihara_7,transformation,74,deutan,#ad3123,17,#fb9335,137,2329,0.5715,0.343546,0.502483,0.41133,2.3214,0.231,1.0383,0.07353
Z07,ZEISS,ishihara_7,transformation,74,protan,#7c722c,14,#bd4e27,197,2758,0.409822,0.457431,0.543378,0.37044,2.1675,0.2342,1.0534,0.091418
Z07,ZEISS,ishihara_7,transformation,74,deutan,#7c722c,14,#bd4e27,197,2758,0.409822,0.457431,0.543378,0.37044,8.4864,0.9122,4.0681,0.350677
Z07,ZEISS,ishihara_7,transformation,74,protan,#7c722c,14,#dd8330,186,2604,0.409822,0.457431,0.498317,0.412168,5.1755,0.5687,2.5772,0.125101
Z07,ZEISS,ishihara_7,transformation,74,deutan,#7c722c,14,#dd8330,186,2604,0.409822,0.457431,0.498317,0.412168,14.6526,1.6067,7.2156,0.364347
Z07,ZEISS,ishihara_7,transformation,74,protan,#7c722c,14,#fb9335,137,1918,0.409822,0.457431,0.502483,0.41133,6.099,0.6629,3.0087,0.153073
Z07,ZEISS,ishihara_7,transformation,74,deutan,#7c722c,14,#fb9335,137,1918,0.409822,0.457431,0.502483,0.41133,15.4235,1.6681,7.5134,0.403205
Z08,ZEISS,ishihara_8,vanishing,6,protan,#bd4e27,32,#a99231,176,5632,0.543378,0.37044,0.428131,0.459917,5.5695,0.6026,2.7082,0.245678
Z08,ZEISS,ishihara_8,vanishing,6,deutan,#bd4e27,32,#a99231,176,5632,0.543378,0.37044,0.428131,0.459917,3.9605,0.4312,1.9173,0.164886
Z08,ZEISS,ishihara_8,vanishing,6,protan,#bd4e27,32,#65592d,174,5568,0.543378,0.37044,0.401402,0.430743,5.9342,0.6612,2.964,0.208854
Z08,ZEISS,ishihara_8,vanishing,6,deutan,#bd4e27,32,#65592d,174,5568,0.543378,0.37044,0.401402,0.430743,18.2554,1.9751,8.819,0.640633
Z08,ZEISS,ishihara_8,vanishing,6,protan,#bd4e27,32,#7c722c,138,4416,0.543378,0.37044,0.409822,0.457431,2.1675,0.2342,1.0534,0.091418
Z08,ZEISS,ishihara_8,vanishing,6,deutan,#bd4e27,32,#7c722c,138,4416,0.543378,0.37044,0.409822,0.457431,8.4864,0.9122,4.0681,0.350677
Z08,ZEISS,ishihara_8,vanishing,6,protan,#bd4e27,32,#448a69,71,2272,0.543378,0.37044,0.274858,0.40038,14.9582,2.1596,9.4296,0.79414
Z08,ZEISS,ishihara_8,vanishing,6,deutan,#bd4e27,32,#448a69,71,2272,0.543378,0.37044,0.274858,0.40038,32.0268,4.4373,19.0742,1.452053
Z08,ZEISS,ishihara_8,vanishing,6,protan,#bd4e27,32,#0e7751,60,1920,0.543378,0.37044,0.256837,0.431457,12.0773,1.5989,7.0581,0.650745
Z08,ZEISS,ishihara_8,vanishing,6,deutan,#bd4e27,32,#0e7751,60,1920,0.543378,0.37044,0.256837,0.431457,27.3335,3.5089,15.2823,1.356092
Z08,ZEISS,ishihara_8,vanishing,6,protan,#f67e34,28,#a99231,176,4928,0.521468,0.393335,0.428131,0.459917,2.8789,0.3074,1.3877,0.09178
Z08,ZEISS,ishihara_8,vanishing,6,deutan,#f67e34,28,#a99231,176,4928,0.521468,0.393335,0.428131,0.459917,6.4261,0.6876,3.0765,0.206783
Z08,ZEISS,ishihara_8,vanishing,6,protan,#f67e34,28,#65592d,174,4872,0.521468,0.393335,0.401402,0.430743,13.5045,1.5135,6.8258,0.362751
Z08,ZEISS,ishihara_8,vanishing,6,deutan,#f67e34,28,#65592d,174,4872,0.521468,0.393335,0.401402,0.430743,24.3652,2.6553,11.9426,0.68253
Z08,ZEISS,ishihara_8,vanishing,6,protan,#f67e34,28,#7c722c,138,3864,0.521468,0.393335,0.409822,0.457431,1.9805,0.2119,0.9584,0.062479
Z08,ZEISS,ishihara_8,vanishing,6,deutan,#f67e34,28,#7c722c,138,3864,0.521468,0.393335,0.409822,0.457431,11.9576,1.2695,5.7018,0.392574
Z08,ZEISS,ishihara_8,vanishing,6,protan,#f67e34,28,#448a69,71,1988,0.521468,0.393335,0.274858,0.40038,22.9904,3.2169,14.1521,0.948037
Z08,ZEISS,ishihara_8,vanishing,6,deutan,#f67e34,28,#448a69,71,1988,0.521468,0.393335,0.274858,0.40038,37.9464,5.055,22.0989,1.49395
Z08,ZEISS,ishihara_8,vanishing,6,protan,#f67e34,28,#0e7751,60,1680,0.521468,0.393335,0.256837,0.431457,18.9938,2.4213,10.7893,0.804642
Z08,ZEISS,ishihara_8,vanishing,6,deutan,#f67e34,28,#0e7751,60,1680,0.521468,0.393335,0.256837,0.431457,32.2037,3.9614,17.5387,1.397989
Z08,ZEISS,ishihara_8,vanishing,6,protan,#fb9335,21,#a99231,176,3696,0.502483,0.41133,0.428131,0.459917,0.0489,0.0053,0.0239,0.001186
Z08,ZEISS,ishihara_8,vanishing,6,deutan,#fb9335,21,#a99231,176,3696,0.502483,0.41133,0.428131,0.459917,8.8024,0.9542,4.2773,0.217414
Z08,ZEISS,ishihara_8,vanishing,6,protan,#fb9335,21,#65592d,174,3654,0.502483,0.41133,0.401402,0.430743,20.9016,2.4257,10.9766,0.453345
Z08,ZEISS,ishihara_8,vanishing,6,deutan,#fb9335,21,#65592d,174,3654,0.502483,0.41133,0.401402,0.430743,30.8792,3.4947,15.7635,0.693162
Z08,ZEISS,ishihara_8,vanishing,6,protan,#fb9335,21,#7c722c,138,2898,0.502483,0.41133,0.409822,0.457431,6.099,0.6629,3.0087,0.153073
Z08,ZEISS,ishihara_8,vanishing,6,deutan,#fb9335,21,#7c722c,138,2898,0.502483,0.41133,0.409822,0.457431,15.4235,1.6681,7.5134,0.403205
Z08,ZEISS,ishihara_8,vanishing,6,protan,#fb9335,21,#448a69,71,1491,0.502483,0.41133,0.274858,0.40038,28.7442,4.0713,18.0007,1.038631
Z08,ZEISS,ishihara_8,vanishing,6,deutan,#fb9335,21,#448a69,71,1491,0.502483,0.41133,0.274858,0.40038,42.5937,5.7702,25.37,1.504581
Z08,ZEISS,ishihara_8,vanishing,6,protan,#fb9335,21,#0e7751,60,1260,0.502483,0.41133,0.256837,0.431457,23.7846,3.0521,13.6908,0.895236
Z08,ZEISS,ishihara_8,vanishing,6,deutan,#fb9335,21,#0e7751,60,1260,0.502483,0.41133,0.256837,0.431457,35.9252,4.4747,19.9375,1.40862
Z09,ZEISS,ishihara_9,vanishing,45,protan,#bd4e27,39,#a99231,146,5694,0.543378,0.37044,0.428131,0.459917,5.5695,0.6026,2.7082,0.245678
Z09,ZEISS,ishihara_9,vanishing,45,deutan,#bd4e27,39,#a99231,146,5694,0.543378,0.37044,0.428131,0.459917,3.9605,0.4312,1.9173,0.164886
Z09,ZEISS,ishihara_9,vanishing,45,protan,#bd4e27,39,#65592d,128,4992,0.543378,0.37044,0.401402,0.430743,5.9342,0.6612,2.964,0.208854
Z09,ZEISS,ishihara_9,vanishing,45,deutan,#bd4e27,39,#65592d,128,4992,0.543378,0.37044,0.401402,0.430743,18.2554,1.9751,8.819,0.640633
Z09,ZEISS,ishihara_9,vanishing,45,protan,#bd4e27,39,#7c722c,95,3705,0.543378,0.37044,0.409822,0.457431,2.1675,0.2342,1.0534,0.091418
Z09,ZEISS,ishihara_9,vanishing,45,deutan,#bd4e27,39,#7c722c,95,3705,0.543378,0.37044,0.409822,0.457431,8.4864,0.9122,4.0681,0.350677
Z09,ZEISS,ishihara_9,vanishing,45,protan,#bd4e27,39,#448a69,59,2301,0.543378,0.37044,0.274858,0.40038,14.9582,2.1596,9.4296,0.79414
Z09,ZEISS,ishihara_9,vanishing,45,deutan,#bd4e27,39,#448a69,59,2301,0.543378,0.37044,0.274858,0.40038,32.0268,4.4373,19.0742,1.452053
Z09,ZEISS,ishihara_9,vanishing,45,protan,#bd4e27,39,#0e7751,33,1287,0.543378,0.37044,0.256837,0.431457,12.0773,1.5989,7.0581,0.650745
Z09,ZEISS,ishihara_9,vanishing,45,deutan,#bd4e27,39,#0e7751,33,1287,0.543378,0.37044,0.256837,0.431457,27.3335,3.5089,15.2823,1.356092
Z09,ZEISS,ishihara_9,vanishing,45,protan,#fb9335,33,#a99231,146,4818,0.502483,0.41133,0.428131,0.459917,0.0489,0.0053,0.0239,0.001186
Z09,ZEISS,ishihara_9,vanishing,45,deutan,#fb9335,33,#a99231,146,4818,0.502483,0.41133,0.428131,0.459917,8.8024,0.9542,4.2773,0.217414
Z09,ZEISS,ishihara_9,vanishing,45,protan,#fb9335,33,#65592d,128,4224,0.502483,0.41133,0.401402,0.430743,20.9016,2.4257,10.9766,0.453345
Z09,ZEISS,ishihara_9,vanishing,45,deutan,#fb9335,33,#65592d,128,4224,0.502483,0.41133,0.401402,0.430743,30.8792,3.4947,15.7635,0.693162
Z09,ZEISS,ishihara_9,vanishing,45,protan,#fb9335,33,#7c722c,95,3135,0.502483,0.41133,0.409822,0.457431,6.099,0.6629,3.0087,0.153073
Z09,ZEISS,ishihara_9,vanishing,45,deutan,#fb9335,33,#7c722c,95,3135,0.502483,0.41133,0.409822,0.457431,15.4235,1.6681,7.5134,0.403205
Z09,ZEISS,ishihara_9,vanishing,45,protan,#fb9335,33,#448a69,59,1947,0.502483,0.41133,0.274858,0.40038,28.7442,4.0713,18.0007,1.038631
Z09,ZEISS,ishihara_9,vanishing,45,deutan,#fb9335,33,#448a69,59,1947,0.502483,0.41133,0.274858,0.40038,42.5937,5.7702,25.37,1.504581
Z09,ZEISS,ishihara_9,vanishing,45,protan,#fb9335,33,#0e7751,33,1089,0.502483,0.41133,0.256837,0.431457,23.7846,3.0521,13.6908,0.895236
Z09,ZEISS,ishihara_9,vanishing,45,deutan,#fb9335,33,#0e7751,33,1089,0.502483,0.41133,0.256837,0.431457,35.9252,4.4747,19.9375,1.40862
Z09,ZEISS,ishihara_9,vanishing,45,protan,#f67e34,29,#a99231,146,4234,0.521468,0.393335,0.428131,0.459917,2.8789,0.3074,1.3877,0.09178
Z09,ZEISS,ishihara_9,vanishing,45,deutan,#f67e34,29,#a99231,146,4234,0.521468,0.393335,0.428131,0.459917,6.4261,0.6876,3.0765,0.206783
Z09,ZEISS,ishihara_9,vanishing,45,protan,#f67e34,29,#65592d,128,3712,0.521468,0.393335,0.401402,0.430743,13.5045,1.5135,6.8258,0.362751
Z09,ZEISS,ishihara_9,vanishing,45,deutan,#f67e34,29,#65592d,128,3712,0.521468,0.393335,0.401402,0.430743,24.3652,2.6553,11.9426,0.68253
Z09,ZEISS,ishihara_9,vanishing,45,protan,#f67e34,29,#7c722c,95,2755,0.521468,0.393335,0.409822,0.457431,1.9805,0.2119,0.9584,0.062479
Z09,ZEISS,ishihara_9,vanishing,45,deutan,#f67e34,29,#7c722c,95,2755,0.521468,0.393335,0.409822,0.457431,11.9576,1.2695,5.7018,0.392574
Z09,ZEISS,ishihara_9,vanishing,45,protan,#f67e34,29,#448a69,59,1711,0.521468,0.393335,0.274858,0.40038,22.9904,3.2169,14.1521,0.948037
Z09,ZEISS,ishihara_9,vanishing,45,deutan,#f67e34,29,#448a69,59,1711,0.521468,0.393335,0.274858,0.40038,37.9464,5.055,22.0989,1.49395
Z09,ZEISS,ishihara_9,vanishing,45,protan,#f67e34,29,#0e7751,33,957,0.521468,0.393335,0.256837,0.431457,18.9938,2.4213,10.7893,0.804642
Z09,ZEISS,ishihara_9,vanishing,45,deutan,#f67e34,29,#0e7751,33,957,0.521468,0.393335,0.256837,0.431457,32.2037,3.9614,17.5387,1.397989
Z10,ZEISS,ishihara_10,vanishing,5,protan,#006027,30,#d87c63,226,6780,0.277653,0.519544,0.453628,0.359206,19.6778,2.4912,10.6188,0.606115
Z10,ZEISS,ishihara_10,vanishing,5,deutan,#006027,30,#d87c63,226,6780,0.277653,0.519544,0.453628,0.359206,3.2923,0.4208,1.7457,0.118225
Z10,ZEISS,ishihara_10,vanishing,5,protan,#006027,30,#ad3123,208,6240,0.277653,0.519544,0.5715,0.343546,2.0557,0.2298,1.0266,0.14792
Z10,ZEISS,ishihara_10,vanishing,5,deutan,#006027,30,#ad3123,208,6240,0.277653,0.519544,0.5715,0.343546,10.0995,1.1178,4.9436,0.720806
Z10,ZEISS,ishihara_10,vanishing,5,protan,#006027,30,#c95c45,109,3270,0.277653,0.519544,0.503716,0.356239,10.1451,1.1915,5.2256,0.426619
Z10,ZEISS,ishihara_10,vanishing,5,deutan,#006027,30,#c95c45,109,3270,0.277653,0.519544,0.503716,0.356239,4.2592,0.4975,2.1468,0.200947
Z10,ZEISS,ishihara_10,vanishing,5,protan,#006027,30,#ffd300,72,2160,0.277653,0.519544,0.454219,0.477546,23.0648,2.5842,12.034,0.798661
Z10,ZEISS,ishihara_10,vanishing,5,deutan,#006027,30,#ffd300,72,2160,0.277653,0.519544,0.454219,0.477546,29.1479,3.2814,15.1598,1.117433
Z10,ZEISS,ishihara_10,vanishing,5,protan,#006027,30,#ffa100,55,1650,0.277653,0.519544,0.504943,0.437269,15.8609,1.7099,7.875,0.772566
Z10,ZEISS,ishihara_10,vanishing,5,deutan,#006027,30,#ffa100,55,1650,0.277653,0.519544,0.504943,0.437269,22.6897,2.4421,11.1798,1.242237
Z10,ZEISS,ishihara_10,vanishing,5,protan,#4f9d53,26,#d87c63,226,5876,0.302735,0.474533,0.453628,0.359206,13.8251,1.8226,7.7956,0.388167
Z10,ZEISS,ishihara_10,vanishing,5,deutan,#4f9d53,26,#d87c63,226,5876,0.302735,0.474533,0.453628,0.359206,1.4639,0.1976,0.8181,0.04261
Z10,ZEISS,ishihara_10,vanishing,5,protan,#4f9d53,26,#ad3123,208,5408,0.302735,0.474533,0.5715,0.343546,0.8892,0.1115,0.4939,0.070028
Z10,ZEISS,ishihara_10,vanishing,5,deutan,#4f9d53,26,#ad3123,208,5408,0.302735,0.474533,0.5715,0.343546,13.8012,1.7504,7.5807,0.881641
Z10,ZEISS,ishihara_10,vanishing,5,protan,#4f9d53,26,#c95c45,109,2834,0.302735,0.474533,0.503716,0.356239,4.9804,0.6303,2.759,0.20867
Z10,ZEISS,ishihara_10,vanishing,5,deutan,#4f9d53,26,#c95c45,109,2834,0.302735,0.474533,0.503716,0.356239,8.994,1.1527,4.9201,0.361781
Z10,ZEISS,ishihara_10,vanishing,5,protan,#4f9d53,26,#ffd300,72,1872,0.302735,0.474533,0.454219,0.477546,34.9654,4.3001,19.9778,1.016609
Z10,ZEISS,ishihara_10,vanishing,5,deutan,#4f9d53,26,#ffd300,72,1872,0.302735,0.474533,0.454219,0.477546,42.8142,5.2452,24.1631,1.278268
Z10,ZEISS,ishihara_10,vanishing,5,protan,#4f9d53,26,#ffa100,55,1430,0.302735,0.474533,0.504943,0.437269,22.0462,2.6061,11.9483,0.990514
Z10,ZEISS,ishihara_10,vanishing,5,deutan,#4f9d53,26,#ffa100,55,1430,0.302735,0.474533,0.504943,0.437269,31.066,3.6545,16.5981,1.403071
Z10,ZEISS,ishihara_10,vanishing,5,protan,#208545,20,#d87c63,226,4520,0.278988,0.485772,0.453628,0.359206,13.0031,1.7014,7.2919,0.383674
Z10,ZEISS,ishihara_10,vanishing,5,deutan,#208545,20,#d87c63,226,4520,0.278988,0.485772,0.453628,0.359206,2.8628,0.3802,1.5804,0.090985
Z10,ZEISS,ishihara_10,vanishing,5,protan,#208545,20,#ad3123,208,4160,0.278988,0.485772,0.5715,0.343546,0.9602,0.1182,0.5241,0.074521
Z10,ZEISS,ishihara_10,vanishing,5,deutan,#208545,20,#ad3123,208,4160,0.278988,0.485772,0.5715,0.343546,14.031,1.7338,7.5384,0.930015
Z10,ZEISS,ishihara_10,vanishing,5,protan,#208545,20,#c95c45,109,2180,0.278988,0.485772,0.503716,0.356239,4.7989,0.5998,2.6274,0.204178
Z10,ZEISS,ishihara_10,vanishing,5,deutan,#208545,20,#c95c45,109,2180,0.278988,0.485772,0.503716,0.356239,9.5765,1.2019,5.1478,0.410156
Z10,ZEISS,ishihara_10,vanishing,5,protan,#208545,20,#ffd300,72,1440,0.278988,0.485772,0.454219,0.477546,32.0003,3.8156,17.7655,1.021101
Z10,ZEISS,ishihara_10,vanishing,5,deutan,#208545,20,#ffd300,72,1440,0.278988,0.485772,0.454219,0.477546,39.2667,4.6775,21.5978,1.326643
Z10,ZEISS,ishihara_10,vanishing,5,protan,#208545,20,#ffa100,55,1100,0.278988,0.485772,0.504943,0.437269,21.3403,2.4623,11.3046,0.995007
Z10,ZEISS,ishihara_10,vanishing,5,deutan,#208545,20,#ffa100,55,1100,0.278988,0.485772,0.504943,0.437269,29.7278,3.413,15.5443,1.451446
Z15,ZEISS,ishihara_15,hidden digit,nothing,protan,#f28174,33,#c16529,160,5280,0.45618,0.343316,0.514782,0.395988,64.0255,35.0271,70.5771,0.920313
Z15,ZEISS,ishihara_15,hidden digit,nothing,deutan,#f28174,33,#c16529,160,5280,0.45618,0.343316,0.514782,0.395988,81.6001,37.069,79.437,0.958428
Z15,ZEISS,ishihara_15,hidden digit,nothing,protan,#f28174,33,#f67e34,148,4884,0.45618,0.343316,0.521468,0.393335,61.2732,24.5208,62.468,0.943842
Z15,ZEISS,ishihara_15,hidden digit,nothing,deutan,#f28174,33,#f67e34,148,4884,0.45618,0.343316,0.521468,0.393335,77.6019,26.3546,70.4958,1.003791
Z15,ZEISS,ishihara_15,hidden digit,nothing,protan,#f28174,33,#8f8927,106,3498,0.45618,0.343316,0.413143,0.477956,48.2579,6.6007,26.3008,1.130661
Z15,ZEISS,ishihara_15,hidden digit,nothing,deutan,#f28174,33,#8f8927,106,3498,0.45618,0.343316,0.413143,0.477956,32.6875,4.7139,18.1356,0.847798
Z15,ZEISS,ishihara_15,hidden digit,nothing,protan,#f28174,33,#e50019,40,1320,0.45618,0.343316,0.628977,0.323857,13.7959,1.9514,8.2165,0.885181
Z15,ZEISS,ishihara_15,hidden digit,nothing,deutan,#f28174,33,#e50019,40,1320,0.45618,0.343316,0.628977,0.323857,33.4865,4.1268,17.6975,1.526831
Z15,ZEISS,ishihara_15,hidden digit,nothing,protan,#f28174,33,#00973d,34,1122,0.45618,0.343316,0.280187,0.528666,23.3636,3.0825,12.9449,0.823502
Z15,ZEISS,ishihara_15,hidden digit,nothing,deutan,#f28174,33,#00973d,34,1122,0.45618,0.343316,0.280187,0.528666,7.5861,1.031,4.1843,0.29676
Z15,ZEISS,ishihara_15,hidden digit,nothing,protan,#f28174,33,#661a00,25,825,0.45618,0.343316,0.597311,0.363926,27.0141,4.8422,19.5624,1.432047
Z15,ZEISS,ishihara_15,hidden digit,nothing,deutan,#f28174,33,#661a00,25,825,0.45618,0.343316,0.597311,0.363926,47.1694,7.2982,30.0618,1.781085
Z15,ZEISS,ishihara_15,hidden digit,nothing,protan,#5b665b,30,#c16529,160,4800,0.311498,0.354953,0.514782,0.395988,33.6952,5.6842,23.9008,1.137787
Z15,ZEISS,ishihara_15,hidden digit,nothing,deutan,#5b665b,30,#c16529,160,4800,0.311498,0.354953,0.514782,0.395988,50.4902,7.7826,32.9032,1.553
Z15,ZEISS,ishihara_15,hidden digit,nothing,protan,#5b665b,30,#f67e34,148,4440,0.311498,0.354953,0.521468,0.393335,35.0631,5.6439,23.804,1.161316
Z15,ZEISS,ishihara_15,hidden digit,nothing,deutan,#5b665b,30,#f67e34,148,4440,0.311498,0.354953,0.521468,0.393335,50.3508,7.4246,31.5689,1.598363
Z15,ZEISS,ishihara_15,hidden digit,nothing,protan,#5b665b,30,#8f8927,106,3180,0.311498,0.354953,0.413143,0.477956,75.5169,26.2016,73.8265,1.348135
Z15,ZEISS,ishihara_15,hidden digit,nothing,deutan,#5b665b,30,#8f8927,106,3180,0.311498,0.354953,0.413143,0.477956,89.4161,28.0814,81.8414,1.44237
Z15,ZEISS,ishihara_15,hidden digit,nothing,protan,#5b665b,30,#e50019,40,1200,0.311498,0.354953,0.628977,0.323857,13.5699,1.9862,8.3222,1.102655
Z15,ZEISS,ishihara_15,hidden digit,nothing,deutan,#5b665b,30,#e50019,40,1200,0.311498,0.354953,0.628977,0.323857,33.9052,4.3133,18.3847,2.121403
Z15,ZEISS,ishihara_15,hidden digit,nothing,protan,#5b665b,30,#00973d,34,1020,0.311498,0.354953,0.280187,0.528666,56.0574,15.692,43.0111,1.040976
Z15,ZEISS,ishihara_15,hidden digit,nothing,deutan,#5b665b,30,#00973d,34,1020,0.311498,0.354953,0.280187,0.528666,42.0151,13.5287,34.0118,0.891332
Z15,ZEISS,ishihara_15,hidden digit,nothing,protan,#5b665b,30,#661a00,25,750,0.311498,0.354953,0.597311,0.363926,17.7082,3.0322,12.8024,1.649521
Z15,ZEISS,ishihara_15,hidden digit,nothing,deutan,#5b665b,30,#661a00,25,750,0.311498,0.354953,0.597311,0.363926,38.4782,6.1082,25.4213,2.375657
Z15,ZEISS,ishihara_15,hidden digit,nothing,protan,#6baa7b,26,#c16529,160,4160,0.295656,0.410061,0.514782,0.395988,19.1215,2.7427,12.1366,0.824831
Z15,ZEISS,ishihara_15,hidden digit,nothing,deutan,#6baa7b,26,#c16529,160,4160,0.295656,0.410061,0.514782,0.395988,34.8434,4.8739,21.169,1.313231
Z15,ZEISS,ishihara_15,hidden digit,nothing,protan,#6baa7b,26,#f67e34,148,3848,0.295656,0.410061,0.521468,0.393335,20.001,2.7722,12.2593,0.84836
Z15,ZEISS,ishihara_15,hidden digit,nothing,deutan,#6baa7b,26,#f67e34,148,3848,0.295656,0.410061,0.521468,0.393335,35.0319,4.6823,20.4669,1.358593
Z15,ZEISS,ishihara_15,hidden digit,nothing,protan,#6baa7b,26,#8f8927,106,2756,0.295656,0.410061,0.413143,0.477956,54.4622,10.0,42.6185,1.035179
Z15,ZEISS,ishihara_15,hidden digit,nothing,deutan,#6baa7b,26,#8f8927,106,2756,0.295656,0.410061,0.413143,0.477956,68.4926,12.0025,51.0698,1.202601
Z15,ZEISS,ishihara_15,hidden digit,nothing,protan,#6baa7b,26,#e50019,40,1040,0.295656,0.410061,0.628977,0.323857,6.8297,0.9298,4.0428,0.789699
Z15,ZEISS,ishihara_15,hidden digit,nothing,deutan,#6baa7b,26,#e50019,40,1040,0.295656,0.410061,0.628977,0.323857,24.2492,3.1562,13.5386,1.881633
Z15,ZEISS,ishihara_15,hidden digit,nothing,protan,#6baa7b,26,#00973d,34,884,0.295656,0.410061,0.280187,0.528666,58.9464,18.3926,46.4758,0.72802
Z15,ZEISS,ishihara_15,hidden digit,nothing,deutan,#6baa7b,26,#00973d,34,884,0.295656,0.410061,0.280187,0.528666,44.8753,16.2097,37.4084,0.651563
Z15,ZEISS,ishihara_15,hidden digit,nothing,protan,#6baa7b,26,#661a00,25,650,0.295656,0.410061,0.597311,0.363926,11.5231,1.7229,7.582,1.336565
Z15,ZEISS,ishihara_15,hidden digit,nothing,deutan,#6baa7b,26,#661a00,25,650,0.295656,0.410061,0.597311,0.363926,28.4567,4.288,18.1785,2.135887
C-rg0,colorblind.io,rg0,palette (red-green),,protan,#D86048,1,#787848,1,1,0.510304,0.355129,0.369665,0.423157,1.6918,0.2055,0.9022,0.047754
C-rg0,colorblind.io,rg0,palette (red-green),,deutan,#D86048,1,#787848,1,1,0.510304,0.355129,0.369665,0.423157,13.9701,1.6479,7.1502,0.388134
C-rg0,colorblind.io,rg0,palette (red-green),,protan,#D86048,1,#909048,1,1,0.510304,0.355129,0.383738,0.446424,9.4383,1.1077,4.8673,0.294651
C-rg0,colorblind.io,rg0,palette (red-green),,deutan,#D86048,1,#909048,1,1,0.510304,0.355129,0.383738,0.446424,4.4094,0.5168,2.2332,0.13492
C-rg0,colorblind.io,rg0,palette (red-green),,protan,#D86048,1,#909060,1,1,0.510304,0.355129,0.361268,0.409273,2.8939,0.3724,1.6287,0.084318
C-rg0,colorblind.io,rg0,palette (red-green),,deutan,#D86048,1,#909060,1,1,0.510304,0.355129,0.361268,0.409273,19.2814,2.3991,10.3489,0.524305
C-rg0,colorblind.io,rg0,palette (red-green),,protan,#D86048,1,#A8A848,1,1,0.510304,0.355129,0.392976,0.461697,13.9532,1.6318,7.1489,0.480841
C-rg0,colorblind.io,rg0,palette (red-green),,deutan,#D86048,1,#A8A848,1,1,0.510304,0.355129,0.392976,0.461697,1.6486,0.1957,0.8413,0.055083
C-rg0,colorblind.io,rg0,palette (red-green),,protan,#D86048,1,#A8A860,1,1,0.510304,0.355129,0.375239,0.432372,4.522,0.5525,2.4261,0.141176
C-rg0,colorblind.io,rg0,palette (red-green),,deutan,#D86048,1,#A8A860,1,1,0.510304,0.355129,0.375239,0.432372,9.9927,1.2146,5.2356,0.292132
C-rg0,colorblind.io,rg0,palette (red-green),,protan,#D86048,1,#B4A854,1,1,0.510304,0.355129,0.396837,0.442064,10.5002,1.2354,5.4239,0.318738
C-rg0,colorblind.io,rg0,palette (red-green),,deutan,#D86048,1,#B4A854,1,1,0.510304,0.355129,0.396837,0.442064,2.833,0.3351,1.4448,0.082093
C-rg0,colorblind.io,rg0,palette (red-green),,protan,#D86048,1,#C0C060,1,1,0.510304,0.355129,0.385135,0.448734,9.5228,1.143,5.013,0.321373
C-rg0,colorblind.io,rg0,palette (red-green),,deutan,#D86048,1,#C0C060,1,1,0.510304,0.355129,0.385135,0.448734,3.4148,0.4149,1.7827,0.107605
C-rg0,colorblind.io,rg0,palette (red-green),,protan,#D86048,1,#C0C078,1,1,0.510304,0.355129,0.368348,0.420979,0.836,0.1063,0.466,0.026387
C-rg0,colorblind.io,rg0,palette (red-green),,deutan,#D86048,1,#C0C078,1,1,0.510304,0.355129,0.368348,0.420979,14.4076,1.8158,7.7999,0.410126
C-rg0,colorblind.io,rg0,palette (red-green),,protan,#D86048,1,#D8C060,1,1,0.510304,0.355129,0.40677,0.438655,11.4378,1.3472,5.9103,0.337415
C-rg0,colorblind.io,rg0,palette (red-green),,deutan,#D86048,1,#D8C060,1,1,0.510304,0.355129,0.40677,0.438655,1.4811,0.1762,0.7586,0.040958
C-rg0,colorblind.io,rg0,palette (red-green),,protan,#D86048,1,#D8D860,1,1,0.510304,0.355129,0.392282,0.460549,12.8252,1.5363,6.7194,0.466005
C-rg0,colorblind.io,rg0,palette (red-green),,deutan,#D86048,1,#D8D860,1,1,0.510304,0.355129,0.392282,0.460549,1.1849,0.1452,0.6217,0.039969
C-rg0,colorblind.io,rg0,palette (red-green),,protan,#D86048,1,#D8D8A8,1,1,0.510304,0.355129,0.346069,0.384145,9.401,1.3799,5.967,0.302827
C-rg0,colorblind.io,rg0,palette (red-green),,deutan,#D86048,1,#D8D8A8,1,1,0.510304,0.355129,0.346069,0.384145,27.7923,3.9172,16.6018,0.750953
C-rg0,colorblind.io,rg0,palette (red-green),,protan,#D86048,1,#90A860,1,1,0.510304,0.355129,0.350814,0.441816,3.4864,0.4334,1.9017,0.122671
C-rg0,colorblind.io,rg0,palette (red-green),,deutan,#D86048,1,#90A860,1,1,0.510304,0.355129,0.350814,0.441816,11.0586,1.3718,5.8981,0.364569
C-rg0,colorblind.io,rg0,palette (red-green),,protan,#D87848,1,#787848,1,1,0.486441,0.382914,0.369665,0.423157,6.7601,0.8348,3.701,0.147804
C-rg0,colorblind.io,rg0,palette (red-green),,deutan,#D87848,1,#787848,1,1,0.486441,0.382914,0.369665,0.423157,20.989,2.53,11.0839,0.458328
C-rg0,colorblind.io,rg0,palette (red-green),,protan,#D87848,1,#909048,1,1,0.486441,0.382914,0.383738,0.446424,4.1836,0.4943,2.1879,0.099093
C-rg0,colorblind.io,rg0,palette (red-green),,deutan,#D87848,1,#909048,1,1,0.486441,0.382914,0.383738,0.446424,8.6402,1.0229,4.4519,0.205114
C-rg0,colorblind.io,rg0,palette (red-green),,protan,#D87848,1,#909060,1,1,0.486441,0.382914,0.361268,0.409273,12.4148,1.6347,7.218,0.279876
C-rg0,colorblind.io,rg0,palette (red-green),,deutan,#D87848,1,#909060,1,1,0.486441,0.382914,0.361268,0.409273,27.5761,3.5133,15.3237,0.594499
C-rg0,colorblind.io,rg0,palette (red-green),,protan,#D87848,1,#A8A848,1,1,0.486441,0.382914,0.392976,0.461697,10.9989,1.294,5.6916,0.285283
C-rg0,colorblind.io,rg0,palette (red-green),,deutan,#D87848,1,#A8A848,1,1,0.486441,0.382914,0.392976,0.461697,0.5838,0.0699,0.3017,0.015111
C-rg0,colorblind.io,rg0,palette (red-green),,protan,#D87848,1,#A8A860,1,1,0.486441,0.382914,0.375239,0.432372,2.3085,0.2841,1.2592,0.054381
C-rg0,colorblind.io,rg0,palette (red-green),,deutan,#D87848,1,#A8A860,1,1,0.486441,0.382914,0.375239,0.432372,15.9396,1.9508,8.4973,0.362326
C-rg0,colorblind.io,rg0,palette (red-green),,protan,#D87848,1,#B4A854,1,1,0.486441,0.382914,0.396837,0.442064,5.5534,0.6564,2.9022,0.123181
C-rg0,colorblind.io,rg0,palette (red-green),,deutan,#D87848,1,#B4A854,1,1,0.486441,0.382914,0.396837,0.442064,6.9878,0.8314,3.6108,0.152287
C-rg0,colorblind.io,rg0,palette (red-green),,protan,#D87848,1,#C0C060,1,1,0.486441,0.382914,0.385135,0.448734,4.999,0.6008,2.6545,0.125816
C-rg0,colorblind.io,rg0,palette (red-green),,deutan,#D87848,1,#C0C060,1,1,0.486441,0.382914,0.385135,0.448734,7.3059,0.8889,3.8493,0.177799
C-rg0,colorblind.io,rg0,palette (red-green),,protan,#D87848,1,#C0C078,1,1,0.486441,0.382914,0.368348,0.420979,7.1002,0.913,4.0432,0.16917
C-rg0,colorblind.io,rg0,palette (red-green),,deutan,#D87848,1,#C0C078,1,1,0.486441,0.382914,0.368348,0.420979,21.582,2.7415,11.9211,0.480321
C-rg0,colorblind.io,rg0,palette (red-green),,protan,#D87848,1,#D8C060,1,1,0.486441,0.382914,0.40677,0.438655,6.8031,0.8036,3.549,0.141858
C-rg0,colorblind.io,rg0,palette (red-green),,deutan,#D87848,1,#D8C060,1,1,0.486441,0.382914,0.40677,0.438655,5.4975,0.6557,2.8434,0.111152
C-rg0,colorblind.io,rg0,palette (red-green),,protan,#D87848,1,#D8D860,1,1,0.486441,0.382914,0.392282,0.460549,10.0252,1.2019,5.2821,0.270447
C-rg0,colorblind.io,rg0,palette (red-green),,deutan,#D87848,1,#D8D860,1,1,0.486441,0.382914,0.392282,0.460549,1.1611,0.1424,0.613,0.030225
C-rg0,colorblind.io,rg0,palette (red-green),,protan,#D87848,1,#D8D8A8,1,1,0.486441,0.382914,0.346069,0.384145,19.8316,3.0373,13.194,0.498385
C-rg0,colorblind.io,rg0,palette (red-green),,deutan,#D87848,1,#D8D8A8,1,1,0.486441,0.382914,0.346069,0.384145,37.4879,5.4623,23.3881,0.821147
C-rg0,colorblind.io,rg0,palette (red-green),,protan,#D87848,1,#90A860,1,1,0.486441,0.382914,0.350814,0.441816,2.6415,0.3295,1.46,0.072886
C-rg0,colorblind.io,rg0,palette (red-green),,deutan,#D87848,1,#90A860,1,1,0.486441,0.382914,0.350814,0.441816,16.2855,2.0286,8.8155,0.434763
C-rg0,colorblind.io,rg0,palette (red-green),,protan,#D87860,1,#787848,1,1,0.460276,0.357801,0.369665,0.423157,13.6669,1.7242,7.4161,0.238089
C-rg0,colorblind.io,rg0,palette (red-green),,deutan,#D87860,1,#787848,1,1,0.460276,0.357801,0.369665,0.423157,3.1845,0.3992,1.6777,0.056971
C-rg0,colorblind.io,rg0,palette (red-green),,protan,#D87860,1,#909048,1,1,0.460276,0.357801,0.383738,0.446424,24.8786,3.1313,13.2649,0.484986
C-rg0,colorblind.io,rg0,palette (red-green),,deutan,#D87860,1,#909048,1,1,0.460276,0.357801,0.383738,0.446424,9.7173,1.2527,5.1592,0.196244
C-rg0,colorblind.io,rg0,palette (red-green),,protan,#D87860,1,#909060,1,1,0.460276,0.357801,0.361268,0.409273,6.0408,0.7914,3.4179,0.106016
C-rg0,colorblind.io,rg0,palette (red-green),,deutan,#D87860,1,#909060,1,1,0.460276,0.357801,0.361268,0.409273,11.172,1.4412,6.0832,0.193141
C-rg0,colorblind.io,rg0,palette (red-green),,protan,#D87860,1,#A8A848,1,1,0.460276,0.357801,0.392976,0.461697,30.7807,3.968,16.5583,0.671176
C-rg0,colorblind.io,rg0,palette (red-green),,deutan,#D87860,1,#A8A848,1,1,0.460276,0.357801,0.392976,0.461697,17.1496,2.3013,9.3202,0.386246
C-rg0,colorblind.io,rg0,palette (red-green),,protan,#D87860,1,#A8A860,1,1,0.460276,0.357801,0.375239,0.432372,17.5392,2.232,9.5446,0.331511
C-rg0,colorblind.io,rg0,palette (red-green),,deutan,#D87860,1,#A8A860,1,1,0.460276,0.357801,0.375239,0.432372,2.067,0.2674,1.1117,0.039032
C-rg0,colorblind.io,rg0,palette (red-green),,protan,#D87860,1,#B4A854,1,1,0.460276,0.357801,0.396837,0.442064,27.8452,3.5361,14.8806,0.509073
C-rg0,colorblind.io,rg0,palette (red-green),,deutan,#D87860,1,#B4A854,1,1,0.460276,0.357801,0.396837,0.442064,13.3615,1.7523,7.1614,0.24907
C-rg0,colorblind.io,rg0,palette (red-green),,protan,#D87860,1,#C0C060,1,1,0.460276,0.357801,0.385135,0.448734,24.6953,3.1708,13.381,0.511708
C-rg0,colorblind.io,rg0,palette (red-green),,deutan,#D87860,1,#C0C060,1,1,0.460276,0.357801,0.385135,0.448734,10.7626,1.431,5.8593,0.223559
C-rg0,colorblind.io,rg0,palette (red-green),,protan,#D87860,1,#C0C078,1,1,0.460276,0.357801,0.368348,0.420979,11.5727,1.5029,6.4637,0.216722
C-rg0,colorblind.io,rg0,palette (red-green),,deutan,#D87860,1,#C0C078,1,1,0.460276,0.357801,0.368348,0.420979,4.354,0.571,2.3864,0.078963
C-rg0,colorblind.io,rg0,palette (red-green),,protan,#D87860,1,#D8C060,1,1,0.460276,0.357801,0.40677,0.438655,30.5692,3.9216,16.3901,0.52775
C-rg0,colorblind.io,rg0,palette (red-green),,deutan,#D87860,1,#D8C060,1,1,0.460276,0.357801,0.40677,0.438655,16.6555,2.2198,9.0058,0.290206
C-rg0,colorblind.io,rg0,palette (red-green),,protan,#D87860,1,#D8D860,1,1,0.460276,0.357801,0.392282,0.460549,29.0193,3.8051,15.8601,0.65634
C-rg0,colorblind.io,rg0,palette (red-green),,deutan,#D87860,1,#D8D860,1,1,0.460276,0.357801,0.392282,0.460549,16.4074,2.2503,9.0985,0.371133
C-rg0,colorblind.io,rg0,palette (red-green),,protan,#D87860,1,#D8D8A8,1,1,0.460276,0.357801,0.346069,0.384145,5.9389,0.8714,3.7582,0.112492
C-rg0,colorblind.io,rg0,palette (red-green),,deutan,#D87860,1,#D8D8A8,1,1,0.460276,0.357801,0.346069,0.384145,24.57,3.4945,14.7002,0.41979
C-rg0,colorblind.io,rg0,palette (red-green),,protan,#D87860,1,#90A860,1,1,0.460276,0.357801,0.350814,0.441816,14.0013,1.8087,7.7589,0.313006
C-rg0,colorblind.io,rg0,palette (red-green),,deutan,#D87860,1,#90A860,1,1,0.460276,0.357801,0.350814,0.441816,1.4958,0.1964,0.8179,0.033405
C-rg0,colorblind.io,rg0,palette (red-green),,protan,#D89060,1,#787848,1,1,0.441273,0.386517,0.369665,0.423157,2.9835,0.3776,1.6524,0.037905
C-rg0,colorblind.io,rg0,palette (red-green),,deutan,#D89060,1,#787848,1,1,0.441273,0.386517,0.369665,0.423157,12.2076,1.5375,6.5851,0.158943
C-rg0,colorblind.io,rg0,palette (red-green),,protan,#D89060,1,#909048,1,1,0.441273,0.386517,0.383738,0.446424,20.35,2.5653,10.9532,0.284802
C-rg0,colorblind.io,rg0,palette (red-green),,deutan,#D89060,1,#909048,1,1,0.441273,0.386517,0.383738,0.446424,6.4482,0.836,3.4708,0.094271
C-rg0,colorblind.io,rg0,palette (red-green),,protan,#D89060,1,#909060,1,1,0.441273,0.386517,0.361268,0.409273,7.2707,0.9695,4.2618,0.094167
C-rg0,colorblind.io,rg0,palette (red-green),,deutan,#D89060,1,#909060,1,1,0.441273,0.386517,0.361268,0.409273,23.0616,3.013,12.9953,0.295114
C-rg0,colorblind.io,rg0,palette (red-green),,protan,#D89060,1,#A8A848,1,1,0.441273,0.386517,0.392976,0.461697,29.8825,3.9209,16.3143,0.470992
C-rg0,colorblind.io,rg0,palette (red-green),,deutan,#D89060,1,#A8A848,1,1,0.441273,0.386517,0.392976,0.461697,17.1877,2.3595,9.5226,0.284274
C-rg0,colorblind.io,rg0,palette (red-green),,protan,#D89060,1,#A8A860,1,1,0.441273,0.386517,0.375239,0.432372,9.768,1.236,5.3654,0.131327
C-rg0,colorblind.io,rg0,palette (red-green),,deutan,#D89060,1,#A8A860,1,1,0.441273,0.386517,0.375239,0.432372,4.6286,0.5945,2.5135,0.06294
C-rg0,colorblind.io,rg0,palette (red-green),,protan,#D89060,1,#B4A854,1,1,0.441273,0.386517,0.396837,0.442064,24.9768,3.1885,13.4712,0.30889
C-rg0,colorblind.io,rg0,palette (red-green),,deutan,#D89060,1,#B4A854,1,1,0.441273,0.386517,0.396837,0.442064,11.4881,1.52,6.2367,0.147098
C-rg0,colorblind.io,rg0,palette (red-green),,protan,#D89060,1,#C0C060,1,1,0.441273,0.386517,0.385135,0.448734,21.2348,2.7226,11.5698,0.311525
C-rg0,colorblind.io,rg0,palette (red-green),,deutan,#D89060,1,#C0C060,1,1,0.441273,0.386517,0.385135,0.448734,8.1057,1.0774,4.4451,0.121587
C-rg0,colorblind.io,rg0,palette (red-green),,protan,#D89060,1,#C0C078,1,1,0.441273,0.386517,0.368348,0.420979,1.2366,0.1605,0.7026,0.016539
C-rg0,colorblind.io,rg0,palette (red-green),,deutan,#D89060,1,#C0C078,1,1,0.441273,0.386517,0.368348,0.420979,13.7663,1.7918,7.6511,0.180935
C-rg0,colorblind.io,rg0,palette (red-green),,protan,#D89060,1,#D8C060,1,1,0.441273,0.386517,0.40677,0.438655,29.633,3.8506,16.0679,0.327567
C-rg0,colorblind.io,rg0,palette (red-green),,deutan,#D89060,1,#D8C060,1,1,0.441273,0.386517,0.40677,0.438655,16.5076,2.2381,9.0612,0.188234
C-rg0,colorblind.io,rg0,palette (red-green),,protan,#D89060,1,#D8D860,1,1,0.441273,0.386517,0.392282,0.460549,28.301,3.7527,15.62,0.456156
C-rg0,colorblind.io,rg0,palette (red-green),,deutan,#D89060,1,#D8D860,1,1,0.441273,0.386517,0.392282,0.460549,16.2867,2.2649,9.1431,0.26916
C-rg0,colorblind.io,rg0,palette (red-green),,protan,#D89060,1,#D8D8A8,1,1,0.441273,0.386517,0.346069,0.384145,21.4563,3.3521,14.5614,0.312676
C-rg0,colorblind.io,rg0,palette (red-green),,deutan,#D89060,1,#D8D8A8,1,1,0.441273,0.386517,0.346069,0.384145,39.2119,5.836,24.9624,0.521762
C-rg0,colorblind.io,rg0,palette (red-green),,protan,#D89060,1,#90A860,1,1,0.441273,0.386517,0.350814,0.441816,6.5948,0.8465,3.6864,0.112823
C-rg0,colorblind.io,rg0,palette (red-green),,deutan,#D89060,1,#90A860,1,1,0.441273,0.386517,0.350814,0.441816,7.8097,1.0176,4.312,0.135377
C-rg0,colorblind.io,rg0,palette (red-green),,protan,#E48454,1,#787848,1,1,0.474678,0.381551,0.369665,0.423157,3.5372,0.4375,1.9325,0.067485
C-rg0,colorblind.io,rg0,palette (red-green),,deutan,#E48454,1,#787848,1,1,0.474678,0.381551,0.369665,0.423157,18.2066,2.2041,9.6034,0.351979
C-rg0,colorblind.io,rg0,palette (red-green),,protan,#E48454,1,#909048,1,1,0.474678,0.381551,0.383738,0.446424,8.6653,1.0329,4.5369,0.179412
C-rg0,colorblind.io,rg0,palette (red-green),,deutan,#E48454,1,#909048,1,1,0.474678,0.381551,0.383738,0.446424,4.6737,0.5605,2.4156,0.098765
C-rg0,colorblind.io,rg0,palette (red-green),,protan,#E48454,1,#909060,1,1,0.474678,0.381551,0.361268,0.409273,10.1915,1.3384,5.8987,0.199557
C-rg0,colorblind.io,rg0,palette (red-green),,deutan,#E48454,1,#909060,1,1,0.474678,0.381551,0.361268,0.409273,25.6246,3.2616,14.1825,0.48815
C-rg0,colorblind.io,rg0,palette (red-green),,protan,#E48454,1,#A8A848,1,1,0.474678,0.381551,0.392976,0.461697,16.0597,1.9208,8.3577,0.365602
C-rg0,colorblind.io,rg0,palette (red-green),,deutan,#E48454,1,#A8A848,1,1,0.474678,0.381551,0.392976,0.461697,3.9355,0.4814,2.05,0.091238
C-rg0,colorblind.io,rg0,palette (red-green),,protan,#E48454,1,#A8A860,1,1,0.474678,0.381551,0.375239,0.432372,1.2683,0.1563,0.6893,0.025937
C-rg0,colorblind.io,rg0,palette (red-green),,deutan,#E48454,1,#A8A860,1,1,0.474678,0.381551,0.375239,0.432372,12.7177,1.5635,6.765,0.255977
C-rg0,colorblind.io,rg0,palette (red-green),,protan,#E48454,1,#B4A854,1,1,0.474678,0.381551,0.396837,0.442064,10.603,1.2649,5.5441,0.2035
C-rg0,colorblind.io,rg0,palette (red-green),,deutan,#E48454,1,#B4A854,1,1,0.474678,0.381551,0.396837,0.442064,2.3884,0.2882,1.2382,0.045938
C-rg0,colorblind.io,rg0,palette (red-green),,protan,#E48454,1,#C0C060,1,1,0.474678,0.381551,0.385135,0.448734,9.3997,1.139,4.9916,0.206134
C-rg0,colorblind.io,rg0,palette (red-green),,deutan,#E48454,1,#C0C060,1,1,0.474678,0.381551,0.385135,0.448734,3.2985,0.4063,1.7418,0.07145
C-rg0,colorblind.io,rg0,palette (red-green),,protan,#E48454,1,#C0C078,1,1,0.474678,0.381551,0.368348,0.420979,4.3105,0.5527,2.4397,0.088851
C-rg0,colorblind.io,rg0,palette (red-green),,deutan,#E48454,1,#C0C078,1,1,0.474678,0.381551,0.368348,0.420979,19.0257,2.4158,10.4576,0.373972
C-rg0,colorblind.io,rg0,palette (red-green),,protan,#E48454,1,#D8C060,1,1,0.474678,0.381551,0.40677,0.438655,12.4189,1.4822,6.4822,0.222176
C-rg0,colorblind.io,rg0,palette (red-green),,deutan,#E48454,1,#D8C060,1,1,0.474678,0.381551,0.40677,0.438655,0.2712,0.0329,0.1408,0.004803
C-rg0,colorblind.io,rg0,palette (red-green),,protan,#E48454,1,#D8D860,1,1,0.474678,0.381551,0.392282,0.460549,14.8548,1.8077,7.8596,0.350766
C-rg0,colorblind.io,rg0,palette (red-green),,deutan,#E48454,1,#D8D860,1,1,0.474678,0.381551,0.392282,0.460549,3.2682,0.4088,1.7371,0.076124
C-rg0,colorblind.io,rg0,palette (red-green),,protan,#E48454,1,#D8D8A8,1,1,0.474678,0.381551,0.346069,0.384145,19.1695,2.9226,12.6949,0.418066
C-rg0,colorblind.io,rg0,palette (red-green),,deutan,#E48454,1,#D8D8A8,1,1,0.474678,0.381551,0.346069,0.384145,36.8493,5.3462,22.8865,0.714798
C-rg0,colorblind.io,rg0,palette (red-green),,protan,#E48454,1,#90A860,1,1,0.474678,0.381551,0.350814,0.441816,0.3063,0.0383,0.1688,0.007432
C-rg0,colorblind.io,rg0,palette (red-green),,deutan,#E48454,1,#90A860,1,1,0.474678,0.381551,0.350814,0.441816,13.6948,1.7129,7.3987,0.328414
C-rg0,colorblind.io,rg0,palette (red-green),,protan,#F09060,1,#787848,1,1,0.464137,0.380014,0.369665,0.423157,0.0475,0.0059,0.0259,0.000802
C-rg0,colorblind.io,rg0,palette (red-green),,deutan,#F09060,1,#787848,1,1,0.464137,0.380014,0.369665,0.423157,15.0778,1.8374,7.9517,0.261039
C-rg0,colorblind.io,rg0,palette (red-green),,protan,#F09060,1,#909048,1,1,0.464137,0.380014,0.383738,0.446424,13.4597,1.6248,7.0712,0.247698
C-rg0,colorblind.io,rg0,palette (red-green),,deutan,#F09060,1,#909048,1,1,0.464137,0.380014,0.383738,0.446424,0.4101,0.0501,0.2132,0.007825
C-rg0,colorblind.io,rg0,palette (red-green),,protan,#F09060,1,#909060,1,1,0.464137,0.380014,0.361268,0.409273,7.6174,0.9984,4.3894,0.131271
C-rg0,colorblind.io,rg0,palette (red-green),,deutan,#F09060,1,#909060,1,1,0.464137,0.380014,0.361268,0.409273,23.3558,2.9737,12.8802,0.39721
C-rg0,colorblind.io,rg0,palette (red-green),,protan,#F09060,1,#A8A848,1,1,0.464137,0.380014,0.392976,0.461697,21.3244,2.6065,11.1955,0.433888
C-rg0,colorblind.io,rg0,palette (red-green),,deutan,#F09060,1,#A8A848,1,1,0.464137,0.380014,0.392976,0.461697,8.6368,1.0856,4.5518,0.182178
C-rg0,colorblind.io,rg0,palette (red-green),,protan,#F09060,1,#A8A860,1,1,0.464137,0.380014,0.375239,0.432372,5.2273,0.6467,2.8343,0.094224
C-rg0,colorblind.io,rg0,palette (red-green),,deutan,#F09060,1,#A8A860,1,1,0.464137,0.380014,0.375239,0.432372,9.1444,1.1331,4.8623,0.165037
C-rg0,colorblind.io,rg0,palette (red-green),,protan,#F09060,1,#B4A854,1,1,0.464137,0.380014,0.396837,0.442064,16.0789,1.9464,8.4382,0.271786
C-rg0,colorblind.io,rg0,palette (red-green),,deutan,#F09060,1,#B4A854,1,1,0.464137,0.380014,0.396837,0.442064,2.6104,0.3216,1.3628,0.045002
C-rg0,colorblind.io,rg0,palette (red-green),,protan,#F09060,1,#C0C060,1,1,0.464137,0.380014,0.385135,0.448734,14.1206,1.7324,7.5177,0.274421
C-rg0,colorblind.io,rg0,palette (red-green),,deutan,#F09060,1,#C0C060,1,1,0.464137,0.380014,0.385135,0.448734,0.9964,0.1249,0.5289,0.01949
C-rg0,colorblind.io,rg0,palette (red-green),,protan,#F09060,1,#C0C078,1,1,0.464137,0.380014,0.368348,0.420979,1.1372,0.1456,0.6401,0.020565
C-rg0,colorblind.io,rg0,palette (red-green),,deutan,#F09060,1,#C0C078,1,1,0.464137,0.380014,0.368348,0.420979,16.1204,2.0504,8.8255,0.283031
C-rg0,colorblind.io,rg0,palette (red-green),,protan,#F09060,1,#D8C060,1,1,0.464137,0.380014,0.40677,0.438655,18.5716,2.2558,9.7398,0.290463
C-rg0,colorblind.io,rg0,palette (red-green),,deutan,#F09060,1,#D8C060,1,1,0.464137,0.380014,0.40677,0.438655,5.4588,0.6783,2.8605,0.086138
C-rg0,colorblind.io,rg0,palette (red-green),,protan,#F09060,1,#D8D860,1,1,0.464137,0.380014,0.392282,0.460549,19.9156,2.4725,10.614,0.419053
C-rg0,colorblind.io,rg0,palette (red-green),,deutan,#F09060,1,#D8D860,1,1,0.464137,0.380014,0.392282,0.460549,7.893,1.0126,4.2381,0.167064
C-rg0,colorblind.io,rg0,palette (red-green),,protan,#F09060,1,#D8D8A8,1,1,0.464137,0.380014,0.346069,0.384145,18.2671,2.7712,12.0358,0.34978
C-rg0,colorblind.io,rg0,palette (red-green),,deutan,#F09060,1,#D8D8A8,1,1,0.464137,0.380014,0.346069,0.384145,35.9982,5.2001,22.2496,0.623858
C-rg0,colorblind.io,rg0,palette (red-green),,protan,#F09060,1,#90A860,1,1,0.464137,0.380014,0.350814,0.441816,3.4947,0.4386,1.9238,0.075719
C-rg0,colorblind.io,rg0,palette (red-green),,deutan,#F09060,1,#90A860,1,1,0.464137,0.380014,0.350814,0.441816,10.8937,1.3715,5.8821,0.237474
C-rg0,colorblind.io,rg0,palette (red-green),,protan,#F09078,1,#787848,1,1,0.440225,0.355654,0.369665,0.423157,23.0211,2.9879,12.5885,0.325002
C-rg0,colorblind.io,rg0,palette (red-green),,deutan,#F09078,1,#787848,1,1,0.440225,0.355654,0.369665,0.423157,5.1862,0.6774,2.7701,0.077387
C-rg0,colorblind.io,rg0,palette (red-green),,protan,#F09078,1,#909048,1,1,0.440225,0.355654,0.383738,0.446424,35.4811,4.7311,19.3848,0.571899
C-rg0,colorblind.io,rg0,palette (red-green),,deutan,#F09078,1,#909048,1,1,0.440225,0.355654,0.383738,0.446424,19.1217,2.6494,10.474,0.330601
C-rg0,colorblind.io,rg0,palette (red-green),,protan,#F09078,1,#909060,1,1,0.440225,0.355654,0.361268,0.409273,13.8304,1.8305,7.7958,0.19293
C-rg0,colorblind.io,rg0,palette (red-green),,deutan,#F09078,1,#909060,1,1,0.440225,0.355654,0.361268,0.409273,4.1403,0.5449,2.256,0.058784
C-rg0,colorblind.io,rg0,palette (red-green),,protan,#F09078,1,#A8A848,1,1,0.440225,0.355654,0.392976,0.461697,41.5068,5.7776,23.1141,0.758089
C-rg0,colorblind.io,rg0,palette (red-green),,deutan,#F09078,1,#A8A848,1,1,0.440225,0.355654,0.392976,0.461697,26.5687,3.9061,15.0495,0.520604
C-rg0,colorblind.io,rg0,palette (red-green),,protan,#F09078,1,#A8A860,1,1,0.440225,0.355654,0.375239,0.432372,27.3456,3.6091,15.0424,0.418424
C-rg0,colorblind.io,rg0,palette (red-green),,deutan,#F09078,1,#A8A860,1,1,0.440225,0.355654,0.375239,0.432372,10.9217,1.4837,5.9741,0.173389
C-rg0,colorblind.io,rg0,palette (red-green),,protan,#F09078,1,#B4A854,1,1,0.440225,0.355654,0.396837,0.442064,39.7391,5.4285,21.9173,0.595987
C-rg0,colorblind.io,rg0,palette (red-green),,deutan,#F09078,1,#B4A854,1,1,0.440225,0.355654,0.396837,0.442064,24.1202,3.4597,13.4587,0.383428
C-rg0,colorblind.io,rg0,palette (red-green),,protan,#F09078,1,#C0C060,1,1,0.440225,0.355654,0.385135,0.448734,35.0891,4.777,19.467,0.598622
C-rg0,colorblind.io,rg0,palette (red-green),,deutan,#F09078,1,#C0C060,1,1,0.440225,0.355654,0.385135,0.448734,20.1059,2.8722,11.2816,0.357916
C-rg0,colorblind.io,rg0,palette (red-green),,protan,#F09078,1,#C0C078,1,1,0.440225,0.355654,0.368348,0.420979,20.34,2.6954,11.3656,0.303636
C-rg0,colorblind.io,rg0,palette (red-green),,deutan,#F09078,1,#C0C078,1,1,0.440225,0.355654,0.368348,0.420979,3.684,0.4982,2.0311,0.055395
C-rg0,colorblind.io,rg0,palette (red-green),,protan,#F09078,1,#D8C060,1,1,0.440225,0.355654,0.40677,0.438655,43.5604,6.1201,24.3214,0.614664
C-rg0,colorblind.io,rg0,palette (red-green),,deutan,#F09078,1,#D8C060,1,1,0.440225,0.355654,0.40677,0.438655,28.6019,4.2532,16.2721,0.424563
C-rg0,colorblind.io,rg0,palette (red-green),,protan,#F09078,1,#D8D860,1,1,0.440225,0.355654,0.392282,0.460549,39.4265,5.5686,22.2569,0.743253
C-rg0,colorblind.io,rg0,palette (red-green),,deutan,#F09078,1,#D8D860,1,1,0.440225,0.355654,0.392282,0.460549,25.7382,3.8536,14.8413,0.50549
C-rg0,colorblind.io,rg0,palette (red-green),,protan,#F09078,1,#D8D8A8,1,1,0.440225,0.355654,0.346069,0.384145,1.7315,0.2517,1.0805,0.025579
C-rg0,colorblind.io,rg0,palette (red-green),,deutan,#F09078,1,#D8D8A8,1,1,0.440225,0.355654,0.346069,0.384145,20.6445,2.9223,12.2052,0.285432
C-rg0,colorblind.io,rg0,palette (red-green),,protan,#F09078,1,#90A860,1,1,0.440225,0.355654,0.350814,0.441816,21.7406,2.8822,12.1225,0.39992
C-rg0,colorblind.io,rg0,palette (red-green),,deutan,#F09078,1,#90A860,1,1,0.440225,0.355654,0.350814,0.441816,5.2898,0.7183,2.9192,0.100952
C-rg0,colorblind.io,rg0,palette (red-green),,protan,#F0A848,1,#787848,1,1,0.462032,0.424884,0.369665,0.423157,30.1787,3.9996,17.962,0.482905
C-rg0,colorblind.io,rg0,palette (red-green),,deutan,#F0A848,1,#787848,1,1,0.462032,0.424884,0.369665,0.423157,41.7613,5.3674,23.9698,0.668259
C-rg0,colorblind.io,rg0,palette (red-green),,protan,#F0A848,1,#909048,1,1,0.462032,0.424884,0.383738,0.446424,14.6889,1.7575,7.9607,0.236008
C-rg0,colorblind.io,rg0,palette (red-green),,deutan,#F0A848,1,#909048,1,1,0.462032,0.424884,0.383738,0.446424,25.5226,3.0337,13.5799,0.415045
C-rg0,colorblind.io,rg0,palette (red-green),,protan,#F0A848,1,#909060,1,1,0.462032,0.424884,0.361268,0.409273,36.2908,5.2907,23.3881,0.614977
C-rg0,colorblind.io,rg0,palette (red-green),,deutan,#F0A848,1,#909060,1,1,0.462032,0.424884,0.361268,0.409273,48.9843,6.8358,30.1205,0.80443
C-rg0,colorblind.io,rg0,palette (red-green),,protan,#F0A848,1,#A8A848,1,1,0.462032,0.424884,0.392976,0.461697,2.9399,0.3412,1.5359,0.049818
C-rg0,colorblind.io,rg0,palette (red-green),,deutan,#F0A848,1,#A8A848,1,1,0.462032,0.424884,0.392976,0.461697,13.0552,1.5305,6.7845,0.225042
C-rg0,colorblind.io,rg0,palette (red-green),,protan,#F0A848,1,#A8A860,1,1,0.462032,0.424884,0.375239,0.432372,23.752,3.0472,13.7611,0.389482
C-rg0,colorblind.io,rg0,palette (red-green),,deutan,#F0A848,1,#A8A860,1,1,0.462032,0.424884,0.375239,0.432372,35.5317,4.4716,19.9904,0.572257
C-rg0,colorblind.io,rg0,palette (red-green),,protan,#F0A848,1,#B4A854,1,1,0.462032,0.424884,0.396837,0.442064,15.2049,1.827,8.2755,0.21192
C-rg0,colorblind.io,rg0,palette (red-green),,deutan,#F0A848,1,#B4A854,1,1,0.462032,0.424884,0.396837,0.442064,26.1033,3.1147,13.9416,0.362219
C-rg0,colorblind.io,rg0,palette (red-green),,protan,#F0A848,1,#C0C060,1,1,0.462032,0.424884,0.385135,0.448734,12.5673,1.5131,6.8474,0.209285
C-rg0,colorblind.io,rg0,palette (red-green),,deutan,#F0A848,1,#C0C060,1,1,0.462032,0.424884,0.385135,0.448734,23.5004,2.8278,12.6161,0.38773
C-rg0,colorblind.io,rg0,palette (red-green),,protan,#F0A848,1,#C0C078,1,1,0.462032,0.424884,0.368348,0.420979,29.5932,4.0817,18.2806,0.504271
C-rg0,colorblind.io,rg0,palette (red-green),,deutan,#F0A848,1,#C0C078,1,1,0.462032,0.424884,0.368348,0.420979,42.3763,5.6703,25.177,0.690252
C-rg0,colorblind.io,rg0,palette (red-green),,protan,#F0A848,1,#D8C060,1,1,0.462032,0.424884,0.40677,0.438655,15.9089,1.9185,8.6903,0.193243
C-rg0,colorblind.io,rg0,palette (red-green),,deutan,#F0A848,1,#D8C060,1,1,0.462032,0.424884,0.40677,0.438655,26.855,3.2128,14.384,0.321083
C-rg0,colorblind.io,rg0,palette (red-green),,protan,#F0A848,1,#D8D860,1,1,0.462032,0.424884,0.392282,0.460549,3.7222,0.4381,1.9719,0.064654
C-rg0,colorblind.io,rg0,palette (red-green),,deutan,#F0A848,1,#D8D860,1,1,0.462032,0.424884,0.392282,0.460549,13.8964,1.6561,7.3317,0.240156
C-rg0,colorblind.io,rg0,palette (red-green),,protan,#F0A848,1,#D8D8A8,1,1,0.462032,0.424884,0.346069,0.384145,42.0847,7.5161,31.7117,0.833486
C-rg0,colorblind.io,rg0,palette (red-green),,deutan,#F0A848,1,#D8D8A8,1,1,0.462032,0.424884,0.346069,0.384145,57.9786,9.6386,40.7277,1.031079
C-rg0,colorblind.io,rg0,palette (red-green),,protan,#F0A848,1,#90A860,1,1,0.462032,0.424884,0.350814,0.441816,19.9256,2.5198,11.3978,0.407987
C-rg0,colorblind.io,rg0,palette (red-green),,deutan,#F0A848,1,#90A860,1,1,0.462032,0.424884,0.350814,0.441816,31.6982,3.9642,17.6998,0.644694
C-rg0,colorblind.io,rg0,palette (red-green),,protan,#F0A878,1,#787848,1,1,0.425208,0.381821,0.369665,0.423157,13.8466,1.7852,7.6568,0.142735
C-rg0,colorblind.io,rg0,palette (red-green),,deutan,#F0A878,1,#787848,1,1,0.425208,0.381821,0.369665,0.423157,2.2438,0.292,1.2175,0.024247
C-rg0,colorblind.io,rg0,palette (red-green),,protan,#F0A878,1,#909048,1,1,0.425208,0.381821,0.383738,0.446424,32.992,4.449,18.2513,0.389631
C-rg0,colorblind.io,rg0,palette (red-green),,deutan,#F0A878,1,#909048,1,1,0.425208,0.381821,0.383738,0.446424,18.0341,2.5449,10.0702,0.228967
C-rg0,colorblind.io,rg0,palette (red-green),,protan,#F0A878,1,#909060,1,1,0.425208,0.381821,0.361268,0.409273,1.0363,0.1376,0.5987,0.010662
C-rg0,colorblind.io,rg0,palette (red-green),,deutan,#F0A878,1,#909060,1,1,0.425208,0.381821,0.361268,0.409273,15.4144,2.0262,8.6046,0.160418
C-rg0,colorblind.io,rg0,palette (red-green),,protan,#F0A878,1,#A8A848,1,1,0.425208,0.381821,0.392976,0.461697,42.2252,6.116,24.1063,0.575821
C-rg0,colorblind.io,rg0,palette (red-green),,deutan,#F0A878,1,#A8A848,1,1,0.425208,0.381821,0.392976,0.461697,28.3873,4.3769,16.594,0.41897
C-rg0,colorblind.io,rg0,palette (red-green),,protan,#F0A878,1,#A8A860,1,1,0.425208,0.381821,0.375239,0.432372,21.4761,2.8118,11.8733,0.236157
C-rg0,colorblind.io,rg0,palette (red-green),,deutan,#F0A878,1,#A8A860,1,1,0.425208,0.381821,0.375239,0.432372,6.2603,0.8446,3.4506,0.071756
C-rg0,colorblind.io,rg0,palette (red-green),,protan,#F0A878,1,#B4A854,1,1,0.425208,0.381821,0.396837,0.442064,39.8099,5.6,22.3917,0.413719
C-rg0,colorblind.io,rg0,palette (red-green),,deutan,#F0A878,1,#B4A854,1,1,0.425208,0.381821,0.396837,0.442064,25.3345,3.7721,14.5165,0.281794
C-rg0,colorblind.io,rg0,palette (red-green),,protan,#F0A878,1,#C0C060,1,1,0.425208,0.381821,0.385135,0.448734,33.6462,4.6319,18.8661,0.416354
C-rg0,colorblind.io,rg0,palette (red-green),,deutan,#F0A878,1,#C0C060,1,1,0.425208,0.381821,0.385135,0.448734,19.6074,2.8441,11.1656,0.256283
C-rg0,colorblind.io,rg0,palette (red-green),,protan,#F0A878,1,#C0C078,1,1,0.425208,0.381821,0.368348,0.420979,11.3444,1.4867,6.3905,0.121368
C-rg0,colorblind.io,rg0,palette (red-green),,deutan,#F0A878,1,#C0C078,1,1,0.425208,0.381821,0.368348,0.420979,4.2664,0.568,2.3679,0.046239
C-rg0,colorblind.io,rg0,palette (red-green),,protan,#F0A878,1,#D8C060,1,1,0.425208,0.381821,0.40677,0.438655,46.4267,6.9137,26.7667,0.432396
C-rg0,colorblind.io,rg0,palette (red-green),,deutan,#F0A878,1,#D8C060,1,1,0.425208,0.381821,0.40677,0.438655,32.3971,5.1581,19.1815,0.32293
C-rg0,colorblind.io,rg0,palette (red-green),,protan,#F0A878,1,#D8D860,1,1,0.425208,0.381821,0.392282,0.460549,40.4088,5.9,23.2765,0.560986
C-rg0,colorblind.io,rg0,palette (red-green),,deutan,#F0A878,1,#D8D860,1,1,0.425208,0.381821,0.392282,0.460549,27.4516,4.2712,16.223,0.403856
C-rg0,colorblind.io,rg0,palette (red-green),,protan,#F0A878,1,#D8D8A8,1,1,0.425208,0.381821,0.346069,0.384145,18.1179,2.7827,12.0891,0.207847
C-rg0,colorblind.io,rg0,palette (red-green),,deutan,#F0A878,1,#D8D8A8,1,1,0.425208,0.381821,0.346069,0.384145,36.0499,5.2961,22.6042,0.387066
C-rg0,colorblind.io,rg0,palette (red-green),,protan,#F0A878,1,#90A860,1,1,0.425208,0.381821,0.350814,0.441816,15.1812,1.9926,8.5083,0.217652
C-rg0,colorblind.io,rg0,palette (red-green),,deutan,#F0A878,1,#90A860,1,1,0.425208,0.381821,0.350814,0.441816,0.0456,0.0061,0.0253,0.000681
C-rg0,colorblind.io,rg0,palette (red-green),,protan,#F0C078,1,#787848,1,1,0.410919,0.406721,0.369665,0.423157,3.03,0.3913,1.7264,0.020607
C-rg0,colorblind.io,rg0,palette (red-green),,deutan,#F0C078,1,#787848,1,1,0.410919,0.406721,0.369665,0.423157,17.5256,2.2624,9.7563,0.122202
C-rg0,colorblind.io,rg0,palette (red-green),,protan,#F0C078,1,#909048,1,1,0.410919,0.406721,0.383738,0.446424,29.6953,4.0301,16.6113,0.226289
C-rg0,colorblind.io,rg0,palette (red-green),,deutan,#F0C078,1,#909048,1,1,0.410919,0.406721,0.383738,0.446424,16.0516,2.2888,9.1051,0.131012
C-rg0,colorblind.io,rg0,palette (red-green),,protan,#F0C078,1,#909060,1,1,0.410919,0.406721,0.361268,0.409273,21.0309,2.9609,13.1389,0.15268
C-rg0,colorblind.io,rg0,palette (red-green),,deutan,#F0C078,1,#909060,1,1,0.410919,0.406721,0.361268,0.409273,36.0381,4.9304,21.5535,0.258373
C-rg0,colorblind.io,rg0,palette (red-green),,protan,#F0C078,1,#A8A848,1,1,0.410919,0.406721,0.392976,0.461697,44.8401,6.95,26.5881,0.412479
C-rg0,colorblind.io,rg0,palette (red-green),,deutan,#F0C078,1,#A8A848,1,1,0.410919,0.406721,0.392976,0.461697,32.061,5.3367,19.6031,0.321015
C-rg0,colorblind.io,rg0,palette (red-green),,protan,#F0C078,1,#A8A860,1,1,0.410919,0.406721,0.375239,0.432372,10.4178,1.3397,5.7984,0.072815
C-rg0,colorblind.io,rg0,palette (red-green),,deutan,#F0C078,1,#A8A860,1,1,0.410919,0.406721,0.375239,0.432372,3.6239,0.4771,2.0054,0.0262
C-rg0,colorblind.io,rg0,palette (red-green),,protan,#F0C078,1,#B4A854,1,1,0.410919,0.406721,0.396837,0.442064,41.9617,6.2277,24.3478,0.250377
C-rg0,colorblind.io,rg0,palette (red-green),,deutan,#F0C078,1,#B4A854,1,1,0.410919,0.406721,0.396837,0.442064,28.5934,4.5341,17.0319,0.183839
C-rg0,colorblind.io,rg0,palette (red-green),,protan,#F0C078,1,#C0C060,1,1,0.410919,0.406721,0.385135,0.448734,31.8767,4.4318,18.0656,0.253012
C-rg0,colorblind.io,rg0,palette (red-green),,deutan,#F0C078,1,#C0C060,1,1,0.410919,0.406721,0.385135,0.448734,18.7769,2.7589,10.8435,0.158327
C-rg0,colorblind.io,rg0,palette (red-green),,protan,#F0C078,1,#C0C078,1,1,0.410919,0.406721,0.368348,0.420979,5.9909,0.7881,3.4855,0.041974
C-rg0,colorblind.io,rg0,palette (red-green),,deutan,#F0C078,1,#C0C078,1,1,0.410919,0.406721,0.368348,0.420979,20.5522,2.7026,11.6732,0.144195
C-rg0,colorblind.io,rg0,palette (red-green),,protan,#F0C078,1,#D8C060,1,1,0.410919,0.406721,0.40677,0.438655,55.8804,9.891,34.9397,0.269054
C-rg0,colorblind.io,rg0,palette (red-green),,deutan,#F0C078,1,#D8C060,1,1,0.410919,0.406721,0.40677,0.438655,42.7769,8.245,27.8139,0.224974
C-rg0,colorblind.io,rg0,palette (red-green),,protan,#F0C078,1,#D8D860,1,1,0.410919,0.406721,0.392282,0.460549,43.102,6.6703,25.6322,0.397643
C-rg0,colorblind.io,rg0,palette (red-green),,deutan,#F0C078,1,#D8D860,1,1,0.410919,0.406721,0.392282,0.460549,30.8875,5.1285,18.9453,0.305901
C-rg0,colorblind.io,rg0,palette (red-green),,protan,#F0C078,1,#D8D8A8,1,1,0.410919,0.406721,0.346069,0.384145,40.2883,7.329,30.9206,0.371189
C-rg0,colorblind.io,rg0,palette (red-green),,deutan,#F0C078,1,#D8D8A8,1,1,0.410919,0.406721,0.346069,0.384145,57.1959,9.683,40.8115,0.485021
C-rg0,colorblind.io,rg0,palette (red-green),,protan,#F0C078,1,#90A860,1,1,0.410919,0.406721,0.350814,0.441816,5.106,0.6616,2.8874,0.05431
C-rg0,colorblind.io,rg0,palette (red-green),,deutan,#F0C078,1,#90A860,1,1,0.410919,0.406721,0.350814,0.441816,8.9341,1.1807,5.0064,0.098637
C-rg0,colorblind.io,rg0,palette (red-green),,protan,#D86060,1,#787848,1,1,0.479008,0.329494,0.369665,0.423157,20.4163,2.5759,10.9548,0.456851
C-rg0,colorblind.io,rg0,palette (red-green),,deutan,#D86060,1,#787848,1,1,0.479008,0.329494,0.369665,0.423157,1.8945,0.2356,0.9793,0.043044
C-rg0,colorblind.io,rg0,palette (red-green),,protan,#D86060,1,#909048,1,1,0.479008,0.329494,0.383738,0.446424,27.9685,3.5023,14.7763,0.703748
C-rg0,colorblind.io,rg0,palette (red-green),,deutan,#D86060,1,#909048,1,1,0.479008,0.329494,0.383738,0.446424,11.581,1.4756,6.0561,0.296258
C-rg0,colorblind.io,rg0,palette (red-green),,protan,#D86060,1,#909060,1,1,0.479008,0.329494,0.361268,0.409273,14.3264,1.8737,7.9822,0.324779
C-rg0,colorblind.io,rg0,palette (red-green),,deutan,#D86060,1,#909060,1,1,0.479008,0.329494,0.361268,0.409273,4.2494,0.5462,2.2704,0.093127
C-rg0,colorblind.io,rg0,palette (red-green),,protan,#D86060,1,#A8A848,1,1,0.479008,0.329494,0.392976,0.461697,31.7027,4.0284,16.8462,0.889938
C-rg0,colorblind.io,rg0,palette (red-green),,deutan,#D86060,1,#A8A848,1,1,0.479008,0.329494,0.392976,0.461697,17.1881,2.2612,9.1844,0.486261
C-rg0,colorblind.io,rg0,palette (red-green),,protan,#D86060,1,#A8A860,1,1,0.479008,0.329494,0.375239,0.432372,22.2471,2.8392,12.0316,0.550273
C-rg0,colorblind.io,rg0,palette (red-green),,deutan,#D86060,1,#A8A860,1,1,0.479008,0.329494,0.375239,0.432372,5.7708,0.7471,3.0756,0.139046
C-rg0,colorblind.io,rg0,palette (red-green),,protan,#D86060,1,#B4A854,1,1,0.479008,0.329494,0.396837,0.442064,29.7936,3.7558,15.7807,0.727836
C-rg0,colorblind.io,rg0,palette (red-green),,deutan,#D86060,1,#B4A854,1,1,0.479008,0.329494,0.396837,0.442064,14.3772,1.8624,7.6035,0.349085
C-rg0,colorblind.io,rg0,palette (red-green),,protan,#D86060,1,#C0C060,1,1,0.479008,0.329494,0.385135,0.448734,26.9274,3.4495,14.505,0.730471
C-rg0,colorblind.io,rg0,palette (red-green),,deutan,#D86060,1,#C0C060,1,1,0.479008,0.329494,0.385135,0.448734,12.2629,1.6228,6.6197,0.323573
C-rg0,colorblind.io,rg0,palette (red-green),,protan,#D86060,1,#C0C078,1,1,0.479008,0.329494,0.368348,0.420979,17.6677,2.3054,9.7967,0.435485
C-rg0,colorblind.io,rg0,palette (red-green),,deutan,#D86060,1,#C0C078,1,1,0.479008,0.329494,0.368348,0.420979,0.9082,0.1199,0.4941,0.021052
C-rg0,colorblind.io,rg0,palette (red-green),,protan,#D86060,1,#D8C060,1,1,0.479008,0.329494,0.40677,0.438655,31.4136,3.9873,16.6861,0.746513
C-rg0,colorblind.io,rg0,palette (red-green),,deutan,#D86060,1,#D8C060,1,1,0.479008,0.329494,0.40677,0.438655,16.7841,2.2037,8.9573,0.39022
C-rg0,colorblind.io,rg0,palette (red-green),,protan,#D86060,1,#D8D860,1,1,0.479008,0.329494,0.392282,0.460549,29.6554,3.8523,16.0756,0.875102
C-rg0,colorblind.io,rg0,palette (red-green),,deutan,#D86060,1,#D8D860,1,1,0.479008,0.329494,0.392282,0.460549,16.5112,2.2377,9.0599,0.471147
C-rg0,colorblind.io,rg0,palette (red-green),,protan,#D86060,1,#D8D8A8,1,1,0.479008,0.329494,0.346069,0.384145,4.3703,0.6294,2.6785,0.10627
C-rg0,colorblind.io,rg0,palette (red-green),,deutan,#D86060,1,#D8D8A8,1,1,0.479008,0.329494,0.346069,0.384145,15.0205,2.1175,8.7411,0.319775
C-rg0,colorblind.io,rg0,palette (red-green),,protan,#D86060,1,#90A860,1,1,0.479008,0.329494,0.350814,0.441816,18.9599,2.4609,10.448,0.531769
C-rg0,colorblind.io,rg0,palette (red-green),,deutan,#D86060,1,#90A860,1,1,0.479008,0.329494,0.350814,0.441816,2.4401,0.3212,1.3229,0.066609
C-rg0,colorblind.io,rg0,palette (red-green),,protan,#F0A890,1,#787848,1,1,0.403096,0.355963,0.369665,0.423157,44.5495,6.6596,25.8423,0.42411
C-rg0,colorblind.io,rg0,palette (red-green),,deutan,#F0A890,1,#787848,1,1,0.403096,0.355963,0.369665,0.423157,25.7825,4.0749,15.0166,0.27017
C-rg0,colorblind.io,rg0,palette (red-green),,protan,#F0A890,1,#909048,1,1,0.403096,0.355963,0.383738,0.446424,57.1836,9.6844,34.7572,0.671007
C-rg0,colorblind.io,rg0,palette (red-green),,deutan,#F0A890,1,#909048,1,1,0.403096,0.355963,0.383738,0.446424,39.7067,7.3293,24.8149,0.523384
C-rg0,colorblind.io,rg0,palette (red-green),,protan,#F0A890,1,#909060,1,1,0.403096,0.355963,0.361268,0.409273,32.9656,4.72,19.0307,0.292038
C-rg0,colorblind.io,rg0,palette (red-green),,deutan,#F0A890,1,#909060,1,1,0.403096,0.355963,0.361268,0.409273,14.2195,2.1115,8.1274,0.133999
C-rg0,colorblind.io,rg0,palette (red-green),,protan,#F0A890,1,#A8A848,1,1,0.403096,0.355963,0.392976,0.461697,62.0362,11.564,39.2265,0.857197
C-rg0,colorblind.io,rg0,palette (red-green),,deutan,#F0A890,1,#A8A848,1,1,0.403096,0.355963,0.392976,0.461697,45.8629,9.4285,30.143,0.713387
C-rg0,colorblind.io,rg0,palette (red-green),,protan,#F0A890,1,#A8A860,1,1,0.403096,0.355963,0.375239,0.432372,49.1812,7.7666,29.2064,0.517532
C-rg0,colorblind.io,rg0,palette (red-green),,deutan,#F0A890,1,#A8A860,1,1,0.403096,0.355963,0.375239,0.432372,31.811,5.4078,19.2605,0.366172
C-rg0,colorblind.io,rg0,palette (red-green),,protan,#F0A890,1,#B4A854,1,1,0.403096,0.355963,0.396837,0.442064,64.0464,12.0962,40.5831,0.695095
C-rg0,colorblind.io,rg0,palette (red-green),,deutan,#F0A890,1,#B4A854,1,1,0.403096,0.355963,0.396837,0.442064,47.3254,9.8787,31.1733,0.57621
C-rg0,colorblind.io,rg0,palette (red-green),,protan,#F0A890,1,#C0C060,1,1,0.403096,0.355963,0.385135,0.448734,56.4352,9.8307,34.8745,0.697729
C-rg0,colorblind.io,rg0,palette (red-green),,deutan,#F0A890,1,#C0C060,1,1,0.403096,0.355963,0.385135,0.448734,40.4022,7.7006,25.8211,0.550699
C-rg0,colorblind.io,rg0,palette (red-green),,protan,#F0A890,1,#C0C078,1,1,0.403096,0.355963,0.368348,0.420979,41.2636,6.2044,24.1754,0.402744
C-rg0,colorblind.io,rg0,palette (red-green),,deutan,#F0A890,1,#C0C078,1,1,0.403096,0.355963,0.368348,0.420979,23.8375,3.8124,14.1123,0.248177
C-rg0,colorblind.io,rg0,palette (red-green),,protan,#F0A890,1,#D8C060,1,1,0.403096,0.355963,0.40677,0.438655,69.7426,14.9408,46.238,0.713771
C-rg0,colorblind.io,rg0,palette (red-green),,deutan,#F0A890,1,#D8C060,1,1,0.403096,0.355963,0.40677,0.438655,53.7291,12.8512,37.3266,0.617346
C-rg0,colorblind.io,rg0,palette (red-green),,protan,#F0A890,1,#D8D860,1,1,0.403096,0.355963,0.392282,0.460549,59.7847,11.262,38.2017,0.842361
C-rg0,colorblind.io,rg0,palette (red-green),,deutan,#F0A890,1,#D8D860,1,1,0.403096,0.355963,0.392282,0.460549,45.0027,9.335,29.9533,0.698273
C-rg0,colorblind.io,rg0,palette (red-green),,protan,#F0A890,1,#D8D8A8,1,1,0.403096,0.355963,0.346069,0.384145,8.4405,1.2276,5.1876,0.073529
C-rg0,colorblind.io,rg0,palette (red-green),,deutan,#F0A890,1,#D8D8A8,1,1,0.403096,0.355963,0.346069,0.384145,10.8287,1.5698,6.3868,0.092649
C-rg0,colorblind.io,rg0,palette (red-green),,protan,#F0A890,1,#90A860,1,1,0.403096,0.355963,0.350814,0.441816,38.0496,5.6466,22.2564,0.499027
C-rg0,colorblind.io,rg0,palette (red-green),,deutan,#F0A890,1,#90A860,1,1,0.403096,0.355963,0.350814,0.441816,20.6611,3.2482,12.1749,0.293735
C-rg1,colorblind.io,rg1,palette (red-green),,protan,#789030,1,#D87848,1,1,0.373248,0.493908,0.486441,0.382914,14.58,1.7118,7.4983,0.479651
C-rg1,colorblind.io,rg1,palette (red-green),,deutan,#789030,1,#D87848,1,1,0.373248,0.493908,0.486441,0.382914,3.5192,0.4224,1.8153,0.120548
C-rg1,colorblind.io,rg1,palette (red-green),,protan,#789030,1,#D87860,1,1,0.373248,0.493908,0.460276,0.357801,31.1152,4.0121,16.732,0.865544
C-rg1,colorblind.io,rg1,palette (red-green),,deutan,#789030,1,#D87860,1,1,0.373248,0.493908,0.460276,0.357801,17.4803,2.3467,9.4982,0.521906
C-rg1,colorblind.io,rg1,palette (red-green),,protan,#789030,1,#D89060,1,1,0.373248,0.493908,0.441273,0.386517,30.0085,3.9553,16.4348,0.66536
C-rg1,colorblind.io,rg1,palette (red-green),,deutan,#789030,1,#D89060,1,1,0.373248,0.493908,0.441273,0.386517,17.508,2.4171,9.7408,0.419934
C-rg1,colorblind.io,rg1,palette (red-green),,protan,#789030,1,#E48460,1,1,0.373248,0.493908,0.462598,0.369587,27.1865,3.411,14.4239,0.740624
C-rg1,colorblind.io,rg1,palette (red-green),,deutan,#789030,1,#E48460,1,1,0.373248,0.493908,0.462598,0.369587,14.1313,1.8364,7.5591,0.414478
C-rg1,colorblind.io,rg1,palette (red-green),,protan,#789030,1,#F09060,1,1,0.373248,0.493908,0.464137,0.380014,23.5191,2.8849,12.3414,0.628257
C-rg1,colorblind.io,rg1,palette (red-green),,deutan,#789030,1,#F09060,1,1,0.373248,0.493908,0.464137,0.380014,11.0238,1.3944,5.8216,0.317838
C-rg1,colorblind.io,rg1,palette (red-green),,protan,#789030,1,#F0A848,1,1,0.373248,0.493908,0.462032,0.424884,5.9685,0.6915,3.0801,0.14455
C-rg1,colorblind.io,rg1,palette (red-green),,deutan,#789030,1,#F0A848,1,1,0.373248,0.493908,0.462032,0.424884,3.4891,0.4125,1.8067,0.089383
C-rg1,colorblind.io,rg1,palette (red-green),,protan,#789030,1,#F0A860,1,1,0.373248,0.493908,0.445277,0.405291,21.776,2.7163,11.6172,0.463633
C-rg1,colorblind.io,rg1,palette (red-green),,deutan,#789030,1,#F0A860,1,1,0.373248,0.493908,0.445277,0.405291,10.3262,1.3353,5.5695,0.237602
C-rg1,colorblind.io,rg1,palette (red-green),,protan,#789030,1,#F0A878,1,1,0.373248,0.493908,0.425208,0.381821,39.4099,5.6017,22.3398,0.77019
C-rg1,colorblind.io,rg1,palette (red-green),,deutan,#789030,1,#F0A878,1,1,0.373248,0.493908,0.425208,0.381821,25.5351,3.8509,14.7831,0.55463
C-rg1,colorblind.io,rg1,palette (red-green),,protan,#789030,1,#F09078,1,1,0.373248,0.493908,0.440225,0.355654,40.0195,5.5121,22.1852,0.952457
C-rg1,colorblind.io,rg1,palette (red-green),,deutan,#789030,1,#F09078,1,1,0.373248,0.493908,0.440225,0.355654,24.8272,3.601,13.962,0.656264
C-rg1,colorblind.io,rg1,palette (red-green),,protan,#789030,1,#F0C078,1,1,0.373248,0.493908,0.410919,0.406721,39.4261,5.834,22.9555,0.606847
C-rg1,colorblind.io,rg1,palette (red-green),,deutan,#789030,1,#F0C078,1,1,0.373248,0.493908,0.410919,0.406721,26.7724,4.2294,16.0107,0.456674
C-rg1,colorblind.io,rg1,palette (red-green),,protan,#789030,1,#D8A878,1,1,0.373248,0.493908,0.402685,0.387256,49.1111,8.1395,30.01,0.800705
C-rg1,colorblind.io,rg1,palette (red-green),,deutan,#789030,1,#D8A878,1,1,0.373248,0.493908,0.402685,0.387256,35.233,6.3355,22.2635,0.64385
C-rg1,colorblind.io,rg1,palette (red-green),,protan,#789030,1,#F0C0A8,1,1,0.373248,0.493908,0.372409,0.355544,70.3558,16.6495,48.3213,1.123479
C-rg1,colorblind.io,rg1,palette (red-green),,deutan,#789030,1,#F0C0A8,1,1,0.373248,0.493908,0.372409,0.355544,52.6612,14.1471,37.8639,0.994894
C-rg1,colorblind.io,rg1,palette (red-green),,protan,#789048,1,#D87848,1,1,0.355434,0.459282,0.486441,0.382914,2.8394,0.3405,1.5072,0.080401
C-rg1,colorblind.io,rg1,palette (red-green),,deutan,#789048,1,#D87848,1,1,0.355434,0.459282,0.486441,0.382914,9.9974,1.2038,5.2323,0.285665
C-rg1,colorblind.io,rg1,palette (red-green),,protan,#789048,1,#D87860,1,1,0.355434,0.459282,0.460276,0.357801,19.9528,2.5322,10.7934,0.466294
C-rg1,colorblind.io,rg1,palette (red-green),,deutan,#789048,1,#D87860,1,1,0.355434,0.459282,0.460276,0.357801,4.7616,0.617,2.5558,0.115693
C-rg1,colorblind.io,rg1,palette (red-green),,protan,#789048,1,#D89060,1,1,0.355434,0.459282,0.441273,0.386517,14.6302,1.8519,7.9785,0.26611
C-rg1,colorblind.io,rg1,palette (red-green),,deutan,#789048,1,#D89060,1,1,0.355434,0.459282,0.441273,0.386517,0.7191,0.0933,0.3907,0.013721
C-rg1,colorblind.io,rg1,palette (red-green),,protan,#789048,1,#E48460,1,1,0.355434,0.459282,0.462598,0.369587,14.8756,1.8476,7.9781,0.341374
C-rg1,colorblind.io,rg1,palette (red-green),,deutan,#789048,1,#E48460,1,1,0.355434,0.459282,0.462598,0.369587,0.3453,0.0435,0.1833,0.008264
C-rg1,colorblind.io,rg1,palette (red-green),,protan,#789048,1,#F09060,1,1,0.355434,0.459282,0.464137,0.380014,10.1441,1.2391,5.408,0.229007
C-rg1,colorblind.io,rg1,palette (red-green),,deutan,#789048,1,#F09060,1,1,0.355434,0.459282,0.464137,0.380014,3.7435,0.4618,1.9716,0.088375
C-rg1,colorblind.io,rg1,palette (red-green),,protan,#789048,1,#F0A848,1,1,0.355434,0.459282,0.462032,0.424884,12.1086,1.4479,6.5523,0.2547
C-rg1,colorblind.io,rg1,palette (red-green),,deutan,#789048,1,#F0A848,1,1,0.355434,0.459282,0.462032,0.424884,22.9322,2.7395,12.2281,0.495596
C-rg1,colorblind.io,rg1,palette (red-green),,protan,#789048,1,#F0A860,1,1,0.355434,0.459282,0.445277,0.405291,3.6266,0.4434,1.9577,0.064383
C-rg1,colorblind.io,rg1,palette (red-green),,deutan,#789048,1,#F0A860,1,1,0.355434,0.459282,0.445277,0.405291,9.0682,1.1224,4.8502,0.168611
C-rg1,colorblind.io,rg1,palette (red-green),,protan,#789048,1,#F0A878,1,1,0.355434,0.459282,0.425208,0.381821,23.8161,3.1394,13.1801,0.37094
C-rg1,colorblind.io,rg1,palette (red-green),,deutan,#789048,1,#F0A878,1,1,0.355434,0.459282,0.425208,0.381821,8.8459,1.2076,4.9004,0.148417
C-rg1,colorblind.io,rg1,palette (red-green),,protan,#789048,1,#F09078,1,1,0.355434,0.459282,0.440225,0.355654,28.2617,3.7323,15.5279,0.553207
C-rg1,colorblind.io,rg1,palette (red-green),,deutan,#789048,1,#F09078,1,1,0.355434,0.459282,0.440225,0.355654,11.8714,1.6156,6.493,0.250051
C-rg1,colorblind.io,rg1,palette (red-green),,protan,#789048,1,#F0C078,1,1,0.355434,0.459282,0.410919,0.406721,17.6466,2.3055,9.8208,0.207597
C-rg1,colorblind.io,rg1,palette (red-green),,deutan,#789048,1,#F0C078,1,1,0.355434,0.459282,0.410919,0.406721,4.0043,0.5423,2.237,0.050461
C-rg1,colorblind.io,rg1,palette (red-green),,protan,#789048,1,#D8A878,1,1,0.355434,0.459282,0.402685,0.387256,32.8513,4.699,18.946,0.401455
C-rg1,colorblind.io,rg1,palette (red-green),,deutan,#789048,1,#D8A878,1,1,0.355434,0.459282,0.402685,0.387256,17.8681,2.7063,10.4524,0.237637
C-rg1,colorblind.io,rg1,palette (red-green),,protan,#789048,1,#F0C0A8,1,1,0.355434,0.459282,0.372409,0.355544,61.7663,12.2185,40.165,0.724229
C-rg1,colorblind.io,rg1,palette (red-green),,deutan,#789048,1,#F0C0A8,1,1,0.355434,0.459282,0.372409,0.355544,43.3484,9.5653,29.1421,0.588681
C-rg1,colorblind.io,rg1,palette (red-green),,protan,#909048,1,#D87848,1,1,0.383738,0.446424,0.486441,0.382914,4.1836,0.4943,2.1879,0.099093
C-rg1,colorblind.io,rg1,palette (red-green),,deutan,#909048,1,#D87848,1,1,0.383738,0.446424,0.486441,0.382914,8.6402,1.0229,4.4519,0.205114
C-rg1,colorblind.io,rg1,palette (red-green),,protan,#909048,1,#D87860,1,1,0.383738,0.446424,0.460276,0.357801,24.8786,3.1313,13.2649,0.484986
C-rg1,colorblind.io,rg1,palette (red-green),,deutan,#909048,1,#D87860,1,1,0.383738,0.446424,0.460276,0.357801,9.7173,1.2527,5.1592,0.196244
C-rg1,colorblind.io,rg1,palette (red-green),,protan,#909048,1,#D89060,1,1,0.383738,0.446424,0.441273,0.386517,20.35,2.5653,10.9532,0.284802
C-rg1,colorblind.io,rg1,palette (red-green),,deutan,#909048,1,#D89060,1,1,0.383738,0.446424,0.441273,0.386517,6.4482,0.836,3.4708,0.094271
C-rg1,colorblind.io,rg1,palette (red-green),,protan,#909048,1,#E48460,1,1,0.383738,0.446424,0.462598,0.369587,19.0369,2.3394,10.058,0.360066
C-rg1,colorblind.io,rg1,palette (red-green),,deutan,#909048,1,#E48460,1,1,0.383738,0.446424,0.462598,0.369587,4.5303,0.5663,2.3753,0.088815
C-rg1,colorblind.io,rg1,palette (red-green),,protan,#909048,1,#F09060,1,1,0.383738,0.446424,0.464137,0.380014,13.4597,1.6248,7.0712,0.247698
C-rg1,colorblind.io,rg1,palette (red-green),,deutan,#909048,1,#F09060,1,1,0.383738,0.446424,0.464137,0.380014,0.4101,0.0501,0.2132,0.007825
C-rg1,colorblind.io,rg1,palette (red-green),,protan,#909048,1,#F0A848,1,1,0.383738,0.446424,0.462032,0.424884,14.6889,1.7575,7.9607,0.236008
C-rg1,colorblind.io,rg1,palette (red-green),,deutan,#909048,1,#F0A848,1,1,0.383738,0.446424,0.462032,0.424884,25.5226,3.0337,13.5799,0.415045
C-rg1,colorblind.io,rg1,palette (red-green),,protan,#909048,1,#F0A860,1,1,0.383738,0.446424,0.445277,0.405291,6.2744,0.759,3.3421,0.083075
C-rg1,colorblind.io,rg1,palette (red-green),,deutan,#909048,1,#F0A860,1,1,0.383738,0.446424,0.445277,0.405291,6.4191,0.7862,3.3904,0.088061
C-rg1,colorblind.io,rg1,palette (red-green),,protan,#909048,1,#F0A878,1,1,0.383738,0.446424,0.425208,0.381821,32.992,4.449,18.2513,0.389631
C-rg1,colorblind.io,rg1,palette (red-green),,deutan,#909048,1,#F0A878,1,1,0.383738,0.446424,0.425208,0.381821,18.0341,2.5449,10.0702,0.228967
C-rg1,colorblind.io,rg1,palette (red-green),,protan,#909048,1,#F09078,1,1,0.383738,0.446424,0.440225,0.355654,35.4811,4.7311,19.3848,0.571899
C-rg1,colorblind.io,rg1,palette (red-green),,deutan,#909048,1,#F09078,1,1,0.383738,0.446424,0.440225,0.355654,19.1217,2.6494,10.474,0.330601
C-rg1,colorblind.io,rg1,palette (red-green),,protan,#909048,1,#F0C078,1,1,0.383738,0.446424,0.410919,0.406721,29.6953,4.0301,16.6113,0.226289
C-rg1,colorblind.io,rg1,palette (red-green),,deutan,#909048,1,#F0C078,1,1,0.383738,0.446424,0.410919,0.406721,16.0516,2.2888,9.1051,0.131012
C-rg1,colorblind.io,rg1,palette (red-green),,protan,#909048,1,#D8A878,1,1,0.383738,0.446424,0.402685,0.387256,48.2159,7.6875,28.8511,0.420147
C-rg1,colorblind.io,rg1,palette (red-green),,deutan,#909048,1,#D8A878,1,1,0.383738,0.446424,0.402685,0.387256,33.2369,5.7256,20.4654,0.318187
C-rg1,colorblind.io,rg1,palette (red-green),,protan,#909048,1,#F0C0A8,1,1,0.383738,0.446424,0.372409,0.355544,78.0139,21.7991,55.6757,0.742921
C-rg1,colorblind.io,rg1,palette (red-green),,deutan,#909048,1,#F0C0A8,1,1,0.383738,0.446424,0.372409,0.355544,59.6073,19.1824,44.7749,0.669231
C-rg1,colorblind.io,rg1,palette (red-green),,protan,#90A860,1,#D87848,1,1,0.350814,0.441816,0.486441,0.382914,2.6415,0.3295,1.46,0.072886
C-rg1,colorblind.io,rg1,palette (red-green),,deutan,#90A860,1,#D87848,1,1,0.350814,0.441816,0.486441,0.382914,16.2855,2.0286,8.8155,0.434763
C-rg1,colorblind.io,rg1,palette (red-green),,protan,#90A860,1,#D87860,1,1,0.350814,0.441816,0.460276,0.357801,14.0013,1.8087,7.7589,0.313006
C-rg1,colorblind.io,rg1,palette (red-green),,deutan,#90A860,1,#D87860,1,1,0.350814,0.441816,0.460276,0.357801,1.4958,0.1964,0.8179,0.033405
C-rg1,colorblind.io,rg1,palette (red-green),,protan,#90A860,1,#D89060,1,1,0.350814,0.441816,0.441273,0.386517,6.5948,0.8465,3.6864,0.112823
C-rg1,colorblind.io,rg1,palette (red-green),,deutan,#90A860,1,#D89060,1,1,0.350814,0.441816,0.441273,0.386517,7.8097,1.0176,4.312,0.135377
C-rg1,colorblind.io,rg1,palette (red-green),,protan,#90A860,1,#E48460,1,1,0.350814,0.441816,0.462598,0.369587,8.554,1.0865,4.7185,0.188087
C-rg1,colorblind.io,rg1,palette (red-green),,deutan,#90A860,1,#E48460,1,1,0.350814,0.441816,0.462598,0.369587,6.3886,0.8188,3.4657,0.140834
C-rg1,colorblind.io,rg1,palette (red-green),,protan,#90A860,1,#F09060,1,1,0.350814,0.441816,0.464137,0.380014,3.4947,0.4386,1.9238,0.075719
C-rg1,colorblind.io,rg1,palette (red-green),,deutan,#90A860,1,#F09060,1,1,0.350814,0.441816,0.464137,0.380014,10.8937,1.3715,5.8821,0.237474
C-rg1,colorblind.io,rg1,palette (red-green),,protan,#90A860,1,#F0A848,1,1,0.350814,0.441816,0.462032,0.424884,19.9256,2.5198,11.3978,0.407987
C-rg1,colorblind.io,rg1,palette (red-green),,deutan,#90A860,1,#F0A848,1,1,0.350814,0.441816,0.462032,0.424884,31.6982,3.9642,17.6998,0.644694
C-rg1,colorblind.io,rg1,palette (red-green),,protan,#90A860,1,#F0A860,1,1,0.350814,0.441816,0.445277,0.405291,5.2665,0.6636,2.9515,0.088905
C-rg1,colorblind.io,rg1,palette (red-green),,deutan,#90A860,1,#F0A860,1,1,0.350814,0.441816,0.445277,0.405291,18.5852,2.3451,10.2205,0.31771
C-rg1,colorblind.io,rg1,palette (red-green),,protan,#90A860,1,#F0A878,1,1,0.350814,0.441816,0.425208,0.381821,15.1812,1.9926,8.5083,0.217652
C-rg1,colorblind.io,rg1,palette (red-green),,deutan,#90A860,1,#F0A878,1,1,0.350814,0.441816,0.425208,0.381821,0.0456,0.0061,0.0253,0.000681
C-rg1,colorblind.io,rg1,palette (red-green),,protan,#90A860,1,#F09078,1,1,0.350814,0.441816,0.440225,0.355654,21.7406,2.8822,12.1225,0.39992
C-rg1,colorblind.io,rg1,palette (red-green),,deutan,#90A860,1,#F09078,1,1,0.350814,0.441816,0.440225,0.355654,5.2898,0.7183,2.9192,0.100952
C-rg1,colorblind.io,rg1,palette (red-green),,protan,#90A860,1,#F0C078,1,1,0.350814,0.441816,0.410919,0.406721,5.106,0.6616,2.8874,0.05431
C-rg1,colorblind.io,rg1,palette (red-green),,deutan,#90A860,1,#F0C078,1,1,0.350814,0.441816,0.410919,0.406721,8.9341,1.1807,5.0064,0.098637
C-rg1,colorblind.io,rg1,palette (red-green),,protan,#90A860,1,#D8A878,1,1,0.350814,0.441816,0.402685,0.387256,23.0015,3.1747,13.2035,0.248167
C-rg1,colorblind.io,rg1,palette (red-green),,deutan,#90A860,1,#D8A878,1,1,0.350814,0.441816,0.402685,0.387256,7.7671,1.1204,4.4761,0.088539
C-rg1,colorblind.io,rg1,palette (red-green),,protan,#90A860,1,#F0C0A8,1,1,0.350814,0.441816,0.372409,0.355544,56.7906,10.5877,36.317,0.570941
C-rg1,colorblind.io,rg1,palette (red-green),,deutan,#90A860,1,#F0C0A8,1,1,0.350814,0.441816,0.372409,0.355544,38.5737,7.9577,25.3888,0.439583
C-rg1,colorblind.io,rg1,palette (red-green),,protan,#A8A848,1,#D87848,1,1,0.392976,0.461697,0.486441,0.382914,10.9989,1.294,5.6916,0.285283
C-rg1,colorblind.io,rg1,palette (red-green),,deutan,#A8A848,1,#D87848,1,1,0.392976,0.461697,0.486441,0.382914,0.5838,0.0699,0.3017,0.015111
C-rg1,colorblind.io,rg1,palette (red-green),,protan,#A8A848,1,#D87860,1,1,0.392976,0.461697,0.460276,0.357801,30.7807,3.968,16.5583,0.671176
C-rg1,colorblind.io,rg1,palette (red-green),,deutan,#A8A848,1,#D87860,1,1,0.392976,0.461697,0.460276,0.357801,17.1496,2.3013,9.3202,0.386246
C-rg1,colorblind.io,rg1,palette (red-green),,protan,#A8A848,1,#D89060,1,1,0.392976,0.461697,0.441273,0.386517,29.8825,3.9209,16.3143,0.470992
C-rg1,colorblind.io,rg1,palette (red-green),,deutan,#A8A848,1,#D89060,1,1,0.392976,0.461697,0.441273,0.386517,17.1877,2.3595,9.5226,0.284274
C-rg1,colorblind.io,rg1,palette (red-green),,protan,#A8A848,1,#E48460,1,1,0.392976,0.461697,0.462598,0.369587,25.96,3.2496,13.7754,0.546256
C-rg1,colorblind.io,rg1,palette (red-green),,deutan,#A8A848,1,#E48460,1,1,0.392976,0.461697,0.462598,0.369587,12.8024,1.6574,6.8399,0.278818
C-rg1,colorblind.io,rg1,palette (red-green),,protan,#A8A848,1,#F09060,1,1,0.392976,0.461697,0.464137,0.380014,21.3244,2.6065,11.1955,0.433888
C-rg1,colorblind.io,rg1,palette (red-green),,deutan,#A8A848,1,#F09060,1,1,0.392976,0.461697,0.464137,0.380014,8.6368,1.0856,4.5518,0.182178
C-rg1,colorblind.io,rg1,palette (red-green),,protan,#A8A848,1,#F0A848,1,1,0.392976,0.461697,0.462032,0.424884,2.9399,0.3412,1.5359,0.049818
C-rg1,colorblind.io,rg1,palette (red-green),,deutan,#A8A848,1,#F0A848,1,1,0.392976,0.461697,0.462032,0.424884,13.0552,1.5305,6.7845,0.225042
C-rg1,colorblind.io,rg1,palette (red-green),,protan,#A8A848,1,#F0A860,1,1,0.392976,0.461697,0.445277,0.405291,18.4794,2.2756,9.8109,0.269265
C-rg1,colorblind.io,rg1,palette (red-green),,deutan,#A8A848,1,#F0A860,1,1,0.392976,0.461697,0.445277,0.405291,6.6996,0.8512,3.5816,0.101942
C-rg1,colorblind.io,rg1,palette (red-green),,protan,#A8A848,1,#F0A878,1,1,0.392976,0.461697,0.425208,0.381821,42.2252,6.116,24.1063,0.575821
C-rg1,colorblind.io,rg1,palette (red-green),,deutan,#A8A848,1,#F0A878,1,1,0.392976,0.461697,0.425208,0.381821,28.3873,4.3769,16.594,0.41897
C-rg1,colorblind.io,rg1,palette (red-green),,protan,#A8A848,1,#F09078,1,1,0.392976,0.461697,0.440225,0.355654,41.5068,5.7776,23.1141,0.758089
C-rg1,colorblind.io,rg1,palette (red-green),,deutan,#A8A848,1,#F09078,1,1,0.392976,0.461697,0.440225,0.355654,26.5687,3.9061,15.0495,0.520604
C-rg1,colorblind.io,rg1,palette (red-green),,protan,#A8A848,1,#F0C078,1,1,0.392976,0.461697,0.410919,0.406721,44.8401,6.95,26.5881,0.412479
C-rg1,colorblind.io,rg1,palette (red-green),,deutan,#A8A848,1,#F0C078,1,1,0.392976,0.461697,0.410919,0.406721,32.061,5.3367,19.6031,0.321015
C-rg1,colorblind.io,rg1,palette (red-green),,protan,#A8A848,1,#D8A878,1,1,0.392976,0.461697,0.402685,0.387256,56.9895,10.4725,36.2095,0.606337
C-rg1,colorblind.io,rg1,palette (red-green),,deutan,#A8A848,1,#D8A878,1,1,0.392976,0.461697,0.402685,0.387256,43.1462,8.6889,28.5382,0.50819
C-rg1,colorblind.io,rg1,palette (red-green),,protan,#A8A848,1,#F0C0A8,1,1,0.392976,0.461697,0.372409,0.355544,80.2542,25.8855,59.4526,0.929111
C-rg1,colorblind.io,rg1,palette (red-green),,deutan,#A8A848,1,#F0C0A8,1,1,0.392976,0.461697,0.372409,0.355544,63.0082,23.4902,49.3932,0.859234
C-rg1,colorblind.io,rg1,palette (red-green),,protan,#A8C078,1,#D87848,1,1,0.346904,0.428161,0.486441,0.382914,6.8141,0.8858,3.922,0.186834
C-rg1,colorblind.io,rg1,palette (red-green),,deutan,#A8C078,1,#D87848,1,1,0.346904,0.428161,0.486441,0.382914,21.3086,2.7515,11.9327,0.545771
C-rg1,colorblind.io,rg1,palette (red-green),,protan,#A8C078,1,#D87860,1,1,0.346904,0.428161,0.460276,0.357801,9.1084,1.2036,5.1845,0.199058
C-rg1,colorblind.io,rg1,palette (red-green),,deutan,#A8C078,1,#D87860,1,1,0.346904,0.428161,0.460276,0.357801,6.839,0.9141,3.8195,0.144413
C-rg1,colorblind.io,rg1,palette (red-green),,protan,#A8C078,1,#D89060,1,1,0.346904,0.428161,0.441273,0.386517,0.0677,0.0089,0.0391,0.001125
C-rg1,colorblind.io,rg1,palette (red-green),,deutan,#A8C078,1,#D89060,1,1,0.346904,0.428161,0.441273,0.386517,15.078,1.9987,8.5247,0.246385
C-rg1,colorblind.io,rg1,palette (red-green),,protan,#A8C078,1,#E48460,1,1,0.346904,0.428161,0.462598,0.369587,3.4369,0.449,1.9561,0.074139
C-rg1,colorblind.io,rg1,palette (red-green),,deutan,#A8C078,1,#E48460,1,1,0.346904,0.428161,0.462598,0.369587,12.0413,1.5785,6.6974,0.251842
C-rg1,colorblind.io,rg1,palette (red-green),,protan,#A8C078,1,#F09060,1,1,0.346904,0.428161,0.464137,0.380014,1.7926,0.2326,1.0224,0.038229
C-rg1,colorblind.io,rg1,palette (red-green),,deutan,#A8C078,1,#F09060,1,1,0.346904,0.428161,0.464137,0.380014,16.7913,2.1718,9.3302,0.348482
C-rg1,colorblind.io,rg1,palette (red-green),,protan,#A8C078,1,#F0A848,1,1,0.346904,0.428161,0.462032,0.424884,25.4536,3.4233,15.4085,0.521935
C-rg1,colorblind.io,rg1,palette (red-green),,deutan,#A8C078,1,#F0A848,1,1,0.346904,0.428161,0.462032,0.424884,38.2328,5.0366,22.3935,0.755702
C-rg1,colorblind.io,rg1,palette (red-green),,protan,#A8C078,1,#F0A860,1,1,0.346904,0.428161,0.445277,0.405291,12.2076,1.605,7.154,0.202852
C-rg1,colorblind.io,rg1,palette (red-green),,deutan,#A8C078,1,#F0A860,1,1,0.346904,0.428161,0.445277,0.405291,26.2493,3.4218,14.9578,0.428718
C-rg1,colorblind.io,rg1,palette (red-green),,protan,#A8C078,1,#F0A878,1,1,0.346904,0.428161,0.425208,0.381821,7.5711,1.0052,4.3412,0.103704
C-rg1,colorblind.io,rg1,palette (red-green),,deutan,#A8C078,1,#F0A878,1,1,0.346904,0.428161,0.425208,0.381821,8.0496,1.0843,4.5391,0.111689
C-rg1,colorblind.io,rg1,palette (red-green),,protan,#A8C078,1,#F09078,1,1,0.346904,0.428161,0.440225,0.355654,16.1153,2.1615,9.1632,0.285972
C-rg1,colorblind.io,rg1,palette (red-green),,deutan,#A8C078,1,#F09078,1,1,0.346904,0.428161,0.440225,0.355654,0.5637,0.077,0.3154,0.010056
C-rg1,colorblind.io,rg1,palette (red-green),,protan,#A8C078,1,#F0C078,1,1,0.346904,0.428161,0.410919,0.406721,5.8565,0.7773,3.4373,0.059638
C-rg1,colorblind.io,rg1,palette (red-green),,deutan,#A8C078,1,#F0C078,1,1,0.346904,0.428161,0.410919,0.406721,20.4166,2.7209,11.7266,0.209645
C-rg1,colorblind.io,rg1,palette (red-green),,protan,#A8C078,1,#D8A878,1,1,0.346904,0.428161,0.402685,0.387256,13.4367,1.8327,7.7956,0.134219
C-rg1,colorblind.io,rg1,palette (red-green),,deutan,#A8C078,1,#D8A878,1,1,0.346904,0.428161,0.402685,0.387256,2.1885,0.3078,1.2608,0.022469
C-rg1,colorblind.io,rg1,palette (red-green),,protan,#A8C078,1,#F0C0A8,1,1,0.346904,0.428161,0.372409,0.355544,51.4692,9.0877,32.4123,0.456993
C-rg1,colorblind.io,rg1,palette (red-green),,deutan,#A8C078,1,#F0C0A8,1,1,0.346904,0.428161,0.372409,0.355544,33.3143,6.4533,21.4756,0.328575
C-rg1,colorblind.io,rg1,palette (red-green),,protan,#C0C060,1,#D87848,1,1,0.385135,0.448734,0.486441,0.382914,4.999,0.6008,2.6545,0.125816
C-rg1,colorblind.io,rg1,palette (red-green),,deutan,#C0C060,1,#D87848,1,1,0.385135,0.448734,0.486441,0.382914,7.3059,0.8889,3.8493,0.177799
C-rg1,colorblind.io,rg1,palette (red-green),,protan,#C0C060,1,#D87860,1,1,0.385135,0.448734,0.460276,0.357801,24.6953,3.1708,13.381,0.511708
C-rg1,colorblind.io,rg1,palette (red-green),,deutan,#C0C060,1,#D87860,1,1,0.385135,0.448734,0.460276,0.357801,10.7626,1.431,5.8593,0.223559
C-rg1,colorblind.io,rg1,palette (red-green),,protan,#C0C060,1,#D89060,1,1,0.385135,0.448734,0.441273,0.386517,21.2348,2.7226,11.5698,0.311525
C-rg1,colorblind.io,rg1,palette (red-green),,deutan,#C0C060,1,#D89060,1,1,0.385135,0.448734,0.441273,0.386517,8.1057,1.0774,4.4451,0.121587
C-rg1,colorblind.io,rg1,palette (red-green),,protan,#C0C060,1,#E48460,1,1,0.385135,0.448734,0.462598,0.369587,19.2997,2.4149,10.3481,0.386789
C-rg1,colorblind.io,rg1,palette (red-green),,deutan,#C0C060,1,#E48460,1,1,0.385135,0.448734,0.462598,0.369587,5.7681,0.7419,3.0946,0.11613
C-rg1,colorblind.io,rg1,palette (red-green),,protan,#C0C060,1,#F09060,1,1,0.385135,0.448734,0.464137,0.380014,14.1206,1.7324,7.5177,0.274421
C-rg1,colorblind.io,rg1,palette (red-green),,deutan,#C0C060,1,#F09060,1,1,0.385135,0.448734,0.464137,0.380014,0.9964,0.1249,0.5289,0.01949
C-rg1,colorblind.io,rg1,palette (red-green),,protan,#C0C060,1,#F0A848,1,1,0.385135,0.448734,0.462032,0.424884,12.5673,1.5131,6.8474,0.209285
C-rg1,colorblind.io,rg1,palette (red-green),,deutan,#C0C060,1,#F0A848,1,1,0.385135,0.448734,0.462032,0.424884,23.5004,2.8278,12.6161,0.38773
C-rg1,colorblind.io,rg1,palette (red-green),,protan,#C0C060,1,#F0A860,1,1,0.385135,0.448734,0.445277,0.405291,7.974,0.9755,4.2811,0.109797
C-rg1,colorblind.io,rg1,palette (red-green),,deutan,#C0C060,1,#F0A860,1,1,0.385135,0.448734,0.445277,0.405291,4.3378,0.5413,2.3219,0.060746
C-rg1,colorblind.io,rg1,palette (red-green),,protan,#C0C060,1,#F0A878,1,1,0.385135,0.448734,0.425208,0.381821,33.6462,4.6319,18.8661,0.416354
C-rg1,colorblind.io,rg1,palette (red-green),,deutan,#C0C060,1,#F0A878,1,1,0.385135,0.448734,0.425208,0.381821,19.6074,2.8441,11.1656,0.256283
C-rg1,colorblind.io,rg1,palette (red-green),,protan,#C0C060,1,#F09078,1,1,0.385135,0.448734,0.440225,0.355654,35.0891,4.777,19.467,0.598622
C-rg1,colorblind.io,rg1,palette (red-green),,deutan,#C0C060,1,#F09078,1,1,0.385135,0.448734,0.440225,0.355654,20.1059,2.8722,11.2816,0.357916
C-rg1,colorblind.io,rg1,palette (red-green),,protan,#C0C060,1,#F0C078,1,1,0.385135,0.448734,0.410919,0.406721,31.8767,4.4318,18.0656,0.253012
C-rg1,colorblind.io,rg1,palette (red-green),,deutan,#C0C060,1,#F0C078,1,1,0.385135,0.448734,0.410919,0.406721,18.7769,2.7589,10.8435,0.158327
C-rg1,colorblind.io,rg1,palette (red-green),,protan,#C0C060,1,#D8A878,1,1,0.385135,0.448734,0.402685,0.387256,48.8243,8.0306,29.7204,0.446869
C-rg1,colorblind.io,rg1,palette (red-green),,deutan,#C0C060,1,#D8A878,1,1,0.385135,0.448734,0.402685,0.387256,34.7828,6.2028,21.8779,0.345503
C-rg1,colorblind.io,rg1,palette (red-green),,protan,#C0C060,1,#F0C0A8,1,1,0.385135,0.448734,0.372409,0.355544,76.7589,22.2655,55.6527,0.769643
C-rg1,colorblind.io,rg1,palette (red-green),,deutan,#C0C060,1,#F0C0A8,1,1,0.385135,0.448734,0.372409,0.355544,59.7636,19.9062,45.7364,0.696547
C-rg1,colorblind.io,rg1,palette (red-green),,protan,#C0D878,1,#D87848,1,1,0.358955,0.44558,0.486441,0.382914,0.4709,0.0591,0.2614,0.013432
C-rg1,colorblind.io,rg1,palette (red-green),,deutan,#C0D878,1,#D87848,1,1,0.358955,0.44558,0.486441,0.382914,13.5675,1.72,7.4404,0.363051
C-rg1,colorblind.io,rg1,palette (red-green),,protan,#C0D878,1,#D87860,1,1,0.358955,0.44558,0.460276,0.357801,16.1014,2.103,8.9797,0.372461
C-rg1,colorblind.io,rg1,palette (red-green),,deutan,#C0D878,1,#D87860,1,1,0.358955,0.44558,0.460276,0.357801,1.7038,0.2294,0.9484,0.038307
C-rg1,colorblind.io,rg1,palette (red-green),,protan,#C0D878,1,#D89060,1,1,0.358955,0.44558,0.441273,0.386517,9.9799,1.29,5.5861,0.172277
C-rg1,colorblind.io,rg1,palette (red-green),,deutan,#C0D878,1,#D89060,1,1,0.358955,0.44558,0.441273,0.386517,3.7097,0.4927,2.0705,0.063665
C-rg1,colorblind.io,rg1,palette (red-green),,protan,#C0D878,1,#E48460,1,1,0.358955,0.44558,0.462598,0.369587,10.9238,1.3994,6.0548,0.247541
C-rg1,colorblind.io,rg1,palette (red-green),,deutan,#C0D878,1,#E48460,1,1,0.358955,0.44558,0.462598,0.369587,3.1273,0.4099,1.723,0.069122
C-rg1,colorblind.io,rg1,palette (red-green),,protan,#C0D878,1,#F09060,1,1,0.358955,0.44558,0.464137,0.380014,6.0782,0.7677,3.3575,0.135174
C-rg1,colorblind.io,rg1,palette (red-green),,deutan,#C0D878,1,#F09060,1,1,0.358955,0.44558,0.464137,0.380014,7.6143,0.9774,4.1661,0.165761
C-rg1,colorblind.io,rg1,palette (red-green),,protan,#C0D878,1,#F0A848,1,1,0.358955,0.44558,0.462032,0.424884,17.0296,2.1483,9.7204,0.348533
C-rg1,colorblind.io,rg1,palette (red-green),,deutan,#C0D878,1,#F0A848,1,1,0.358955,0.44558,0.462032,0.424884,28.8412,3.6262,16.1471,0.572982
C-rg1,colorblind.io,rg1,palette (red-green),,protan,#C0D878,1,#F0A860,1,1,0.358955,0.44558,0.445277,0.405291,1.7479,0.2203,0.9769,0.02945
C-rg1,colorblind.io,rg1,palette (red-green),,deutan,#C0D878,1,#F0A860,1,1,0.358955,0.44558,0.445277,0.405291,14.6997,1.8752,8.1238,0.245998
C-rg1,colorblind.io,rg1,palette (red-green),,protan,#C0D878,1,#F0A878,1,1,0.358955,0.44558,0.425208,0.381821,19.186,2.5551,10.8024,0.277107
C-rg1,colorblind.io,rg1,palette (red-green),,deutan,#C0D878,1,#F0A878,1,1,0.358955,0.44558,0.425208,0.381821,4.7911,0.6625,2.7046,0.071031
C-rg1,colorblind.io,rg1,palette (red-green),,protan,#C0D878,1,#F09078,1,1,0.358955,0.44558,0.440225,0.355654,24.2092,3.2611,13.6085,0.459374
C-rg1,colorblind.io,rg1,palette (red-green),,deutan,#C0D878,1,#F09078,1,1,0.358955,0.44558,0.440225,0.355654,8.9843,1.2583,5.0608,0.172664
C-rg1,colorblind.io,rg1,palette (red-green),,protan,#C0D878,1,#F0C078,1,1,0.358955,0.44558,0.410919,0.406721,11.0158,1.4399,6.2138,0.113765
C-rg1,colorblind.io,rg1,palette (red-green),,deutan,#C0D878,1,#F0C078,1,1,0.358955,0.44558,0.410919,0.406721,2.5313,0.3417,1.4284,0.026925
C-rg1,colorblind.io,rg1,palette (red-green),,protan,#C0D878,1,#D8A878,1,1,0.358955,0.44558,0.402685,0.387256,28.6009,4.0753,16.6057,0.307622
C-rg1,colorblind.io,rg1,palette (red-green),,deutan,#C0D878,1,#D8A878,1,1,0.358955,0.44558,0.402685,0.387256,14.2109,2.1439,8.3725,0.160251
C-rg1,colorblind.io,rg1,palette (red-green),,protan,#C0D878,1,#F0C0A8,1,1,0.358955,0.44558,0.372409,0.355544,60.5731,12.3326,40.0248,0.630396
C-rg1,colorblind.io,rg1,palette (red-green),,deutan,#C0D878,1,#F0C0A8,1,1,0.358955,0.44558,0.372409,0.355544,43.661,9.9396,30.002,0.511295
C-rg1,colorblind.io,rg1,palette (red-green),,protan,#909078,1,#D87848,1,1,0.33687,0.368936,0.486441,0.382914,25.8166,4.1641,17.7928,0.620909
C-rg1,colorblind.io,rg1,palette (red-green),,deutan,#909078,1,#D87848,1,1,0.33687,0.368936,0.486441,0.382914,43.7015,6.5218,27.7772,0.949113
C-rg1,colorblind.io,rg1,palette (red-green),,protan,#909078,1,#D87860,1,1,0.33687,0.368936,0.460276,0.357801,12.8651,1.9904,8.5038,0.235016
C-rg1,colorblind.io,rg1,palette (red-green),,deutan,#909078,1,#D87860,1,1,0.33687,0.368936,0.460276,0.357801,32.4708,4.6927,19.7945,0.547755
C-rg1,colorblind.io,rg1,palette (red-green),,protan,#909078,1,#D89060,1,1,0.33687,0.368936,0.441273,0.386517,29.5058,4.9984,21.2686,0.4352
C-rg1,colorblind.io,rg1,palette (red-green),,deutan,#909078,1,#D89060,1,1,0.33687,0.368936,0.441273,0.386517,47.5457,7.4598,31.618,0.649728
C-rg1,colorblind.io,rg1,palette (red-green),,protan,#909078,1,#E48460,1,1,0.33687,0.368936,0.462598,0.369587,19.4922,3.0747,13.1564,0.359936
C-rg1,colorblind.io,rg1,palette (red-green),,deutan,#909078,1,#E48460,1,1,0.33687,0.368936,0.462598,0.369587,38.2786,5.6081,23.8116,0.655184
C-rg1,colorblind.io,rg1,palette (red-green),,protan,#909078,1,#F09060,1,1,0.33687,0.368936,0.464137,0.380014,25.3246,4.0795,17.4346,0.472303
C-rg1,colorblind.io,rg1,palette (red-green),,deutan,#909078,1,#F09060,1,1,0.33687,0.368936,0.464137,0.380014,43.2953,6.4548,27.4863,0.751824
C-rg1,colorblind.io,rg1,palette (red-green),,protan,#909078,1,#F0A848,1,1,0.33687,0.368936,0.462032,0.424884,48.3954,9.2514,37.7189,0.95601
C-rg1,colorblind.io,rg1,palette (red-green),,deutan,#909078,1,#F0A848,1,1,0.33687,0.368936,0.462032,0.424884,63.3533,11.1555,45.8999,1.159044
C-rg1,colorblind.io,rg1,palette (red-green),,protan,#909078,1,#F0A860,1,1,0.33687,0.368936,0.445277,0.405291,40.7385,7.399,30.8605,0.636927
C-rg1,colorblind.io,rg1,palette (red-green),,deutan,#909078,1,#F0A860,1,1,0.33687,0.368936,0.445277,0.405291,57.1892,9.5628,40.0638,0.83206
C-rg1,colorblind.io,rg1,palette (red-green),,protan,#909078,1,#F0A878,1,1,0.33687,0.368936,0.425208,0.381821,27.9034,4.6944,20.0057,0.33037
C-rg1,colorblind.io,rg1,palette (red-green),,deutan,#909078,1,#F0A878,1,1,0.33687,0.368936,0.425208,0.381821,46.1713,7.2051,30.5405,0.515032
C-rg1,colorblind.io,rg1,palette (red-green),,protan,#909078,1,#F09078,1,1,0.33687,0.368936,0.440225,0.355654,10.2707,1.5794,6.7386,0.148103
C-rg1,colorblind.io,rg1,palette (red-green),,deutan,#909078,1,#F09078,1,1,0.33687,0.368936,0.440225,0.355654,30.1691,4.3457,18.2676,0.413398
C-rg1,colorblind.io,rg1,palette (red-green),,protan,#909078,1,#F0C078,1,1,0.33687,0.368936,0.410919,0.406721,48.5978,10.0542,40.1745,0.493713
C-rg1,colorblind.io,rg1,palette (red-green),,deutan,#909078,1,#F0C078,1,1,0.33687,0.368936,0.410919,0.406721,65.2913,12.3291,49.7787,0.612987
C-rg1,colorblind.io,rg1,palette (red-green),,protan,#909078,1,#D8A878,1,1,0.33687,0.368936,0.402685,0.387256,34.8039,6.3416,26.6626,0.299855
C-rg1,colorblind.io,rg1,palette (red-green),,deutan,#909078,1,#D8A878,1,1,0.33687,0.368936,0.402685,0.387256,53.1129,8.934,37.4744,0.425811
C-rg1,colorblind.io,rg1,palette (red-green),,protan,#909078,1,#F0C0A8,1,1,0.33687,0.368936,0.372409,0.355544,4.8388,0.7426,3.1228,0.022919
C-rg1,colorblind.io,rg1,palette (red-green),,deutan,#909078,1,#F0C0A8,1,1,0.33687,0.368936,0.372409,0.355544,15.8114,2.3824,9.641,0.074767
C-rg1,colorblind.io,rg1,palette (red-green),,protan,#A8A878,1,#D87848,1,1,0.354922,0.398782,0.486441,0.382914,15.9664,2.2286,9.7873,0.37392
C-rg1,colorblind.io,rg1,palette (red-green),,deutan,#A8A878,1,#D87848,1,1,0.354922,0.398782,0.486441,0.382914,32.0515,4.2986,18.6363,0.691822
C-rg1,colorblind.io,rg1,palette (red-green),,protan,#A8A878,1,#D87860,1,1,0.354922,0.398782,0.460276,0.357801,0.6669,0.091,0.3933,0.011972
C-rg1,colorblind.io,rg1,palette (red-green),,deutan,#A8A878,1,#D87860,1,1,0.354922,0.398782,0.460276,0.357801,17.0107,2.2702,9.5863,0.290464
C-rg1,colorblind.io,rg1,palette (red-green),,protan,#A8A878,1,#D89060,1,1,0.354922,0.398782,0.441273,0.386517,13.9922,1.9762,8.6725,0.188211
C-rg1,colorblind.io,rg1,palette (red-green),,deutan,#A8A878,1,#D89060,1,1,0.354922,0.398782,0.441273,0.386517,30.4574,4.1658,17.9658,0.392436
C-rg1,colorblind.io,rg1,palette (red-green),,protan,#A8A878,1,#E48460,1,1,0.354922,0.398782,0.462598,0.369587,6.3191,0.8661,3.7756,0.112947
C-rg1,colorblind.io,rg1,palette (red-green),,deutan,#A8A878,1,#E48460,1,1,0.354922,0.398782,0.462598,0.369587,23.3725,3.1071,13.2927,0.397893
C-rg1,colorblind.io,rg1,palette (red-green),,protan,#A8A878,1,#F09060,1,1,0.354922,0.398782,0.464137,0.380014,12.6359,1.7486,7.6637,0.225315
C-rg1,colorblind.io,rg1,palette (red-green),,deutan,#A8A878,1,#F09060,1,1,0.354922,0.398782,0.464137,0.380014,29.0598,3.8741,16.732,0.494532
C-rg1,colorblind.io,rg1,palette (red-green),,protan,#A8A878,1,#F0A848,1,1,0.354922,0.398782,0.462032,0.424884,39.4945,6.2416,27.1323,0.709021
C-rg1,colorblind.io,rg1,palette (red-green),,deutan,#A8A878,1,#F0A848,1,1,0.354922,0.398782,0.462032,0.424884,53.3324,7.9807,34.6447,0.901753
C-rg1,colorblind.io,rg1,palette (red-green),,protan,#A8A878,1,#F0A860,1,1,0.354922,0.398782,0.445277,0.405291,27.975,4.1551,18.2652,0.389938
C-rg1,colorblind.io,rg1,palette (red-green),,deutan,#A8A878,1,#F0A860,1,1,0.354922,0.398782,0.445277,0.405291,43.1908,6.1223,26.6879,0.574768
C-rg1,colorblind.io,rg1,palette (red-green),,protan,#A8A878,1,#F0A878,1,1,0.354922,0.398782,0.425208,0.381821,7.8685,1.0962,4.7876,0.083382
C-rg1,colorblind.io,rg1,palette (red-green),,deutan,#A8A878,1,#F0A878,1,1,0.354922,0.398782,0.425208,0.381821,24.7861,3.3688,14.4023,0.25774
C-rg1,colorblind.io,rg1,palette (red-green),,protan,#A8A878,1,#F09078,1,1,0.354922,0.398782,0.440225,0.355654,7.0067,0.9556,4.091,0.098886
C-rg1,colorblind.io,rg1,palette (red-green),,deutan,#A8A878,1,#F09078,1,1,0.354922,0.398782,0.440225,0.355654,11.2283,1.509,6.2856,0.156107
C-rg1,colorblind.io,rg1,palette (red-green),,protan,#A8A878,1,#F0C078,1,1,0.354922,0.398782,0.410919,0.406721,31.1139,4.8359,21.189,0.246724
C-rg1,colorblind.io,rg1,palette (red-green),,deutan,#A8A878,1,#F0C078,1,1,0.354922,0.398782,0.410919,0.406721,46.7345,6.9254,30.0693,0.355696
C-rg1,colorblind.io,rg1,palette (red-green),,protan,#A8A878,1,#D8A878,1,1,0.354922,0.398782,0.402685,0.387256,7.5831,1.0708,4.6773,0.052867
C-rg1,colorblind.io,rg1,palette (red-green),,deutan,#A8A878,1,#D8A878,1,1,0.354922,0.398782,0.402685,0.387256,24.5261,3.4064,14.5089,0.16852
C-rg1,colorblind.io,rg1,palette (red-green),,protan,#A8A878,1,#F0C0A8,1,1,0.354922,0.398782,0.372409,0.355544,50.4145,8.5817,31.2217,0.269907
C-rg1,colorblind.io,rg1,palette (red-green),,deutan,#A8A878,1,#F0C0A8,1,1,0.354922,0.398782,0.372409,0.355544,31.0043,5.7302,19.4575,0.182524
C-rg1,colorblind.io,rg1,palette (red-green),,protan,#B4B460,1,#D87848,1,1,0.380601,0.441237,0.486441,0.382914,1.6743,0.2029,0.8981,0.040716
C-rg1,colorblind.io,rg1,palette (red-green),,deutan,#B4B460,1,#D87848,1,1,0.380601,0.441237,0.486441,0.382914,11.2673,1.3711,5.9564,0.264844
C-rg1,colorblind.io,rg1,palette (red-green),,protan,#B4B460,1,#D87860,1,1,0.380601,0.441237,0.460276,0.357801,21.5637,2.7492,11.6793,0.426608
C-rg1,colorblind.io,rg1,palette (red-green),,deutan,#B4B460,1,#D87860,1,1,0.380601,0.441237,0.460276,0.357801,6.8883,0.9023,3.7217,0.136514
C-rg1,colorblind.io,rg1,palette (red-green),,protan,#B4B460,1,#D89060,1,1,0.380601,0.441237,0.441273,0.386517,16.1667,2.0498,8.806,0.226425
C-rg1,colorblind.io,rg1,palette (red-green),,deutan,#B4B460,1,#D89060,1,1,0.380601,0.441237,0.441273,0.386517,2.422,0.3155,1.3175,0.034541
C-rg1,colorblind.io,rg1,palette (red-green),,protan,#B4B460,1,#E48460,1,1,0.380601,0.441237,0.462598,0.369587,15.7147,1.9595,8.4469,0.301689
C-rg1,colorblind.io,rg1,palette (red-green),,deutan,#B4B460,1,#E48460,1,1,0.380601,0.441237,0.462598,0.369587,1.51,0.1919,0.8062,0.029085
C-rg1,colorblind.io,rg1,palette (red-green),,protan,#B4B460,1,#F09060,1,1,0.380601,0.441237,0.464137,0.380014,10.1326,1.2435,5.4246,0.189321
C-rg1,colorblind.io,rg1,palette (red-green),,deutan,#B4B460,1,#F09060,1,1,0.380601,0.441237,0.464137,0.380014,3.5982,0.4471,1.9064,0.067555
C-rg1,colorblind.io,rg1,palette (red-green),,protan,#B4B460,1,#F0A848,1,1,0.380601,0.441237,0.462032,0.424884,17.8983,2.2098,10.0047,0.294385
C-rg1,colorblind.io,rg1,palette (red-green),,deutan,#B4B460,1,#F0A848,1,1,0.380601,0.441237,0.462032,0.424884,29.2446,3.5779,15.9976,0.474775
C-rg1,colorblind.io,rg1,palette (red-green),,protan,#B4B460,1,#F0A860,1,1,0.380601,0.441237,0.445277,0.405291,1.8516,0.2272,1.005,0.024698
C-rg1,colorblind.io,rg1,palette (red-green),,deutan,#B4B460,1,#F0A860,1,1,0.380601,0.441237,0.445277,0.405291,10.9522,1.3575,5.8788,0.147791
C-rg1,colorblind.io,rg1,palette (red-green),,protan,#B4B460,1,#F0A878,1,1,0.380601,0.441237,0.425208,0.381821,28.4428,3.8065,15.7831,0.331254
C-rg1,colorblind.io,rg1,palette (red-green),,deutan,#B4B460,1,#F0A878,1,1,0.380601,0.441237,0.425208,0.381821,13.8256,1.9314,7.7302,0.169237
C-rg1,colorblind.io,rg1,palette (red-green),,protan,#B4B460,1,#F09078,1,1,0.380601,0.441237,0.440225,0.355654,31.7756,4.2518,17.518,0.513522
C-rg1,colorblind.io,rg1,palette (red-green),,deutan,#B4B460,1,#F09078,1,1,0.380601,0.441237,0.440225,0.355654,16.0885,2.2406,8.9049,0.270871
C-rg1,colorblind.io,rg1,palette (red-green),,protan,#B4B460,1,#F0C078,1,1,0.380601,0.441237,0.410919,0.406721,22.7573,3.0124,12.6686,0.167912
C-rg1,colorblind.io,rg1,palette (red-green),,deutan,#B4B460,1,#F0C078,1,1,0.380601,0.441237,0.410919,0.406721,9.1919,1.269,5.1606,0.071282
C-rg1,colorblind.io,rg1,palette (red-green),,protan,#B4B460,1,#D8A878,1,1,0.380601,0.441237,0.402685,0.387256,43.3116,6.6658,25.6302,0.361769
C-rg1,colorblind.io,rg1,palette (red-green),,deutan,#B4B460,1,#D8A878,1,1,0.380601,0.441237,0.402685,0.387256,28.6858,4.7449,17.4151,0.258457
C-rg1,colorblind.io,rg1,palette (red-green),,protan,#B4B460,1,#F0C0A8,1,1,0.380601,0.441237,0.372409,0.355544,75.2885,20.2424,53.4534,0.684543
C-rg1,colorblind.io,rg1,palette (red-green),,deutan,#B4B460,1,#F0C0A8,1,1,0.380601,0.441237,0.372409,0.355544,57.6893,17.7697,43.1037,0.609501
C-rg1,colorblind.io,rg1,palette (red-green),,protan,#D8D860,1,#D87848,1,1,0.392282,0.460549,0.486441,0.382914,10.0252,1.2019,5.2821,0.270447
C-rg1,colorblind.io,rg1,palette (red-green),,deutan,#D8D860,1,#D87848,1,1,0.392282,0.460549,0.486441,0.382914,1.1611,0.1424,0.613,0.030225
C-rg1,colorblind.io,rg1,palette (red-green),,protan,#D8D860,1,#D87860,1,1,0.392282,0.460549,0.460276,0.357801,29.0193,3.8051,15.8601,0.65634
C-rg1,colorblind.io,rg1,palette (red-green),,deutan,#D8D860,1,#D87860,1,1,0.392282,0.460549,0.460276,0.357801,16.4074,2.2503,9.0985,0.371133
C-rg1,colorblind.io,rg1,palette (red-green),,protan,#D8D860,1,#D89060,1,1,0.392282,0.460549,0.441273,0.386517,28.301,3.7527,15.62,0.456156
C-rg1,colorblind.io,rg1,palette (red-green),,deutan,#D8D860,1,#D89060,1,1,0.392282,0.460549,0.441273,0.386517,16.2867,2.2649,9.1431,0.26916
C-rg1,colorblind.io,rg1,palette (red-green),,protan,#D8D860,1,#E48460,1,1,0.392282,0.460549,0.462598,0.369587,24.3835,3.1022,13.1396,0.53142
C-rg1,colorblind.io,rg1,palette (red-green),,deutan,#D8D860,1,#E48460,1,1,0.392282,0.460549,0.462598,0.369587,12.0618,1.5949,6.5705,0.263704
C-rg1,colorblind.io,rg1,palette (red-green),,protan,#D8D860,1,#F09060,1,1,0.392282,0.460549,0.464137,0.380014,19.9156,2.4725,10.614,0.419053
C-rg1,colorblind.io,rg1,palette (red-green),,deutan,#D8D860,1,#F09060,1,1,0.392282,0.460549,0.464137,0.380014,7.893,1.0126,4.2381,0.167064
C-rg1,colorblind.io,rg1,palette (red-green),,protan,#D8D860,1,#F0A848,1,1,0.392282,0.460549,0.462032,0.424884,3.7222,0.4381,1.9719,0.064654
C-rg1,colorblind.io,rg1,palette (red-green),,deutan,#D8D860,1,#F0A848,1,1,0.392282,0.460549,0.462032,0.424884,13.8964,1.6561,7.3317,0.240156
C-rg1,colorblind.io,rg1,palette (red-green),,protan,#D8D860,1,#F0A860,1,1,0.392282,0.460549,0.445277,0.405291,17.1134,2.1279,9.1805,0.254429
C-rg1,colorblind.io,rg1,palette (red-green),,deutan,#D8D860,1,#F0A860,1,1,0.392282,0.460549,0.445277,0.405291,5.712,0.7346,3.091,0.086828
C-rg1,colorblind.io,rg1,palette (red-green),,protan,#D8D860,1,#F0A878,1,1,0.392282,0.460549,0.425208,0.381821,40.4088,5.9,23.2765,0.560986
C-rg1,colorblind.io,rg1,palette (red-green),,deutan,#D8D860,1,#F0A878,1,1,0.392282,0.460549,0.425208,0.381821,27.4516,4.2712,16.223,0.403856
C-rg1,colorblind.io,rg1,palette (red-green),,protan,#D8D860,1,#F09078,1,1,0.392282,0.460549,0.440225,0.355654,39.4265,5.5686,22.2569,0.743253
C-rg1,colorblind.io,rg1,palette (red-green),,deutan,#D8D860,1,#F09078,1,1,0.392282,0.460549,0.440225,0.355654,25.7382,3.8536,14.8413,0.50549
C-rg1,colorblind.io,rg1,palette (red-green),,protan,#D8D860,1,#F0C078,1,1,0.392282,0.460549,0.410919,0.406721,43.102,6.6703,25.6322,0.397643
C-rg1,colorblind.io,rg1,palette (red-green),,deutan,#D8D860,1,#F0C078,1,1,0.392282,0.460549,0.410919,0.406721,30.8875,5.1285,18.9453,0.305901
C-rg1,colorblind.io,rg1,palette (red-green),,protan,#D8D860,1,#D8A878,1,1,0.392282,0.460549,0.402685,0.387256,55.1735,10.1651,35.2672,0.591501
C-rg1,colorblind.io,rg1,palette (red-green),,deutan,#D8D860,1,#D8A878,1,1,0.392282,0.460549,0.402685,0.387256,42.2231,8.5059,28.1052,0.493077
C-rg1,colorblind.io,rg1,palette (red-green),,protan,#D8D860,1,#F0C0A8,1,1,0.392282,0.460549,0.372409,0.355544,78.0559,25.3986,58.4111,0.914275
C-rg1,colorblind.io,rg1,palette (red-green),,deutan,#D8D860,1,#F0C0A8,1,1,0.392282,0.460549,0.372409,0.355544,62.2359,23.2507,49.3133,0.844121
C-rg2,colorblind.io,rg2,palette (red-green),,protan,#E4606C,1,#605448,1,1,0.474362,0.316478,0.353801,0.358875,5.1835,0.7587,3.1637,0.091846
C-rg2,colorblind.io,rg2,palette (red-green),,deutan,#E4606C,1,#605448,1,1,0.474362,0.316478,0.353801,0.358875,18.1615,2.3736,9.8699,0.312569
C-rg2,colorblind.io,rg2,palette (red-green),,protan,#E4606C,1,#787860,1,1,0.474362,0.316478,0.341276,0.37622,8.8583,1.2654,5.3091,0.185837
C-rg2,colorblind.io,rg2,palette (red-green),,deutan,#E4606C,1,#787860,1,1,0.474362,0.316478,0.341276,0.37622,13.2264,1.7587,7.2612,0.265416
C-rg2,colorblind.io,rg2,palette (red-green),,protan,#E4606C,1,#786C60,1,1,0.474362,0.316478,0.345504,0.353293,1.9853,0.3031,1.2608,0.038071
C-rg2,colorblind.io,rg2,palette (red-green),,deutan,#E4606C,1,#786C60,1,1,0.474362,0.316478,0.345504,0.353293,21.2413,2.9118,12.033,0.379425
C-rg2,colorblind.io,rg2,palette (red-green),,protan,#E4606C,1,#909078,1,1,0.474362,0.316478,0.33687,0.368936,5.8249,0.8629,3.616,0.127929
C-rg2,colorblind.io,rg2,palette (red-green),,deutan,#E4606C,1,#909078,1,1,0.474362,0.316478,0.33687,0.368936,16.1862,2.2433,9.2161,0.325983
C-rg2,colorblind.io,rg2,palette (red-green),,protan,#E4606C,1,#A89078,1,1,0.474362,0.316478,0.364021,0.365447,8.5089,1.2222,5.1293,0.159086
C-rg2,colorblind.io,rg2,palette (red-green),,deutan,#E4606C,1,#A89078,1,1,0.474362,0.316478,0.364021,0.365447,13.3996,1.8012,7.4233,0.229314
C-rg2,colorblind.io,rg2,palette (red-green),,protan,#E4606C,1,#A89C78,1,1,0.474362,0.316478,0.359348,0.382568,13.1176,1.819,7.6559,0.270698
C-rg2,colorblind.io,rg2,palette (red-green),,deutan,#E4606C,1,#A89C78,1,1,0.474362,0.316478,0.359348,0.382568,7.6734,1.0234,4.2029,0.147358
C-rg2,colorblind.io,rg2,palette (red-green),,protan,#E4606C,1,#9C9C84,1,1,0.474362,0.316478,0.335136,0.366068,4.7027,0.7078,2.9641,0.105489
C-rg2,colorblind.io,rg2,palette (red-green),,deutan,#E4606C,1,#9C9C84,1,1,0.474362,0.316478,0.335136,0.366068,17.3028,2.4427,10.0109,0.349497
C-rg2,colorblind.io,rg2,palette (red-green),,protan,#E4606C,1,#B4A890,1,1,0.474362,0.316478,0.345308,0.362301,4.6387,0.6992,2.9284,0.099256
C-rg2,colorblind.io,rg2,palette (red-green),,deutan,#E4606C,1,#B4A890,1,1,0.474362,0.316478,0.345308,0.362301,17.3363,2.4543,10.0536,0.32868
C-rg2,colorblind.io,rg2,palette (red-green),,protan,#E4606C,1,#CCC0A8,1,1,0.474362,0.316478,0.341412,0.358505,2.9708,0.4596,1.9229,0.066244
C-rg2,colorblind.io,rg2,palette (red-green),,deutan,#E4606C,1,#CCC0A8,1,1,0.474362,0.316478,0.341412,0.358505,19.0581,2.7805,11.3423,0.366598
C-rg2,colorblind.io,rg2,palette (red-green),,protan,#E4606C,1,#909060,1,1,0.474362,0.316478,0.361268,0.409273,21.0397,2.7767,11.6768,0.468962
C-rg2,colorblind.io,rg2,palette (red-green),,deutan,#E4606C,1,#909060,1,1,0.474362,0.316478,0.361268,0.409273,1.3107,0.1701,0.6963,0.028631
C-rg2,colorblind.io,rg2,palette (red-green),,protan,#E4606C,1,#A8A878,1,1,0.474362,0.316478,0.354922,0.398782,16.4905,2.243,9.4436,0.374917
C-rg2,colorblind.io,rg2,palette (red-green),,deutan,#E4606C,1,#A8A878,1,1,0.474362,0.316478,0.354922,0.398782,3.2124,0.4296,1.7567,0.068691
C-rg2,colorblind.io,rg2,palette (red-green),,protan,#E4606C,1,#847860,1,1,0.474362,0.316478,0.357373,0.373728,10.5861,1.4875,6.2458,0.20342
C-rg2,colorblind.io,rg2,palette (red-green),,deutan,#E4606C,1,#847860,1,1,0.474362,0.316478,0.357373,0.373728,11.4426,1.4991,6.1961,0.209539
C-rg2,colorblind.io,rg2,palette (red-green),,protan,#D87860,1,#605448,1,1,0.460276,0.357801,0.353801,0.358875,18.3723,2.889,12.2275,0.271099
C-rg2,colorblind.io,rg2,palette (red-green),,deutan,#D87860,1,#605448,1,1,0.460276,0.357801,0.353801,0.358875,37.7796,5.3913,22.8282,0.534342
C-rg2,colorblind.io,rg2,palette (red-green),,protan,#D87860,1,#787860,1,1,0.460276,0.357801,0.341276,0.37622,10.1809,1.5002,6.4386,0.177108
C-rg2,colorblind.io,rg2,palette (red-green),,deutan,#D87860,1,#787860,1,1,0.460276,0.357801,0.341276,0.37622,29.2713,4.0413,17.1454,0.487189
C-rg2,colorblind.io,rg2,palette (red-green),,protan,#D87860,1,#786C60,1,1,0.460276,0.357801,0.345504,0.353293,20.1264,3.3312,13.999,0.324874
C-rg2,colorblind.io,rg2,palette (red-green),,deutan,#D87860,1,#786C60,1,1,0.460276,0.357801,0.345504,0.353293,40.1343,6.0088,25.2414,0.601197
C-rg2,colorblind.io,rg2,palette (red-green),,protan,#D87860,1,#909078,1,1,0.460276,0.357801,0.33687,0.368936,12.8651,1.9904,8.5038,0.235016
C-rg2,colorblind.io,rg2,palette (red-green),,deutan,#D87860,1,#909078,1,1,0.460276,0.357801,0.33687,0.368936,32.4708,4.6927,19.7945,0.547755
C-rg2,colorblind.io,rg2,palette (red-green),,protan,#D87860,1,#A89078,1,1,0.460276,0.357801,0.364021,0.365447,13.7844,2.1241,9.0629,0.203859
C-rg2,colorblind.io,rg2,palette (red-green),,deutan,#D87860,1,#A89078,1,1,0.460276,0.357801,0.364021,0.365447,33.3234,4.7597,20.1253,0.451087
C-rg2,colorblind.io,rg2,palette (red-green),,protan,#D87860,1,#A89C78,1,1,0.460276,0.357801,0.359348,0.382568,5.6809,0.8095,3.4904,0.092247
C-rg2,colorblind.io,rg2,palette (red-green),,deutan,#D87860,1,#A89C78,1,1,0.460276,0.357801,0.359348,0.382568,24.2774,3.3044,13.9998,0.36913
C-rg2,colorblind.io,rg2,palette (red-green),,protan,#D87860,1,#9C9C84,1,1,0.460276,0.357801,0.335136,0.366068,13.7832,2.1773,9.2825,0.257456
C-rg2,colorblind.io,rg2,palette (red-green),,deutan,#D87860,1,#9C9C84,1,1,0.460276,0.357801,0.335136,0.366068,33.635,4.9588,20.8577,0.57127
C-rg2,colorblind.io,rg2,palette (red-green),,protan,#D87860,1,#B4A890,1,1,0.460276,0.357801,0.345308,0.362301,15.0364,2.4178,10.2781,0.263689
C-rg2,colorblind.io,rg2,palette (red-green),,deutan,#D87860,1,#B4A890,1,1,0.460276,0.357801,0.345308,0.362301,35.0948,5.241,22.0089,0.550452
C-rg2,colorblind.io,rg2,palette (red-green),,protan,#D87860,1,#CCC0A8,1,1,0.460276,0.357801,0.341412,0.358505,16.1517,2.6836,11.3652,0.296701
C-rg2,colorblind.io,rg2,palette (red-green),,deutan,#D87860,1,#CCC0A8,1,1,0.460276,0.357801,0.341412,0.358505,36.6347,5.6478,23.5957,0.58837
C-rg2,colorblind.io,rg2,palette (red-green),,protan,#D87860,1,#909060,1,1,0.460276,0.357801,0.361268,0.409273,6.0408,0.7914,3.4179,0.106016
C-rg2,colorblind.io,rg2,palette (red-green),,deutan,#D87860,1,#909060,1,1,0.460276,0.357801,0.361268,0.409273,11.172,1.4412,6.0832,0.193141
C-rg2,colorblind.io,rg2,palette (red-green),,protan,#D87860,1,#A8A878,1,1,0.460276,0.357801,0.354922,0.398782,0.6669,0.091,0.3933,0.011972
C-rg2,colorblind.io,rg2,palette (red-green),,deutan,#D87860,1,#A8A878,1,1,0.460276,0.357801,0.354922,0.398782,17.0107,2.2702,9.5863,0.290464
C-rg2,colorblind.io,rg2,palette (red-green),,protan,#D87860,1,#847860,1,1,0.460276,0.357801,0.357373,0.373728,10.3187,1.5135,6.4951,0.159526
C-rg2,colorblind.io,rg2,palette (red-green),,deutan,#D87860,1,#847860,1,1,0.460276,0.357801,0.357373,0.373728,29.3751,4.0261,17.1026,0.431312
C-rg2,colorblind.io,rg2,palette (red-green),,protan,#F09078,1,#605448,1,1,0.440225,0.355654,0.353801,0.358875,15.9676,2.5181,10.6601,0.184186
C-rg2,colorblind.io,rg2,palette (red-green),,deutan,#F09078,1,#605448,1,1,0.440225,0.355654,0.353801,0.358875,35.8694,5.1554,21.7584,0.399984
C-rg2,colorblind.io,rg2,palette (red-green),,protan,#F09078,1,#787860,1,1,0.440225,0.355654,0.341276,0.37622,6.5336,0.9596,4.1072,0.090195
C-rg2,colorblind.io,rg2,palette (red-green),,deutan,#F09078,1,#787860,1,1,0.440225,0.355654,0.341276,0.37622,26.0844,3.6061,15.2072,0.352831
C-rg2,colorblind.io,rg2,palette (red-green),,protan,#F09078,1,#786C60,1,1,0.440225,0.355654,0.345504,0.353293,18.8042,3.1178,13.1075,0.237961
C-rg2,colorblind.io,rg2,palette (red-green),,deutan,#F09078,1,#786C60,1,1,0.440225,0.355654,0.345504,0.353293,39.0979,5.8788,24.6533,0.46684
C-rg2,colorblind.io,rg2,palette (red-green),,protan,#F09078,1,#909078,1,1,0.440225,0.355654,0.33687,0.368936,10.2707,1.5794,6.7386,0.148103
C-rg2,colorblind.io,rg2,palette (red-green),,deutan,#F09078,1,#909078,1,1,0.440225,0.355654,0.33687,0.368936,30.1691,4.3457,18.2676,0.413398
C-rg2,colorblind.io,rg2,palette (red-green),,protan,#F09078,1,#A89078,1,1,0.440225,0.355654,0.364021,0.365447,10.53,1.6057,6.8487,0.116945
C-rg2,colorblind.io,rg2,palette (red-green),,deutan,#F09078,1,#A89078,1,1,0.440225,0.355654,0.364021,0.365447,30.3728,4.3143,18.1811,0.316729
C-rg2,colorblind.io,rg2,palette (red-green),,protan,#F09078,1,#A89C78,1,1,0.440225,0.355654,0.359348,0.382568,0.4272,0.0604,0.259,0.005334
C-rg2,colorblind.io,rg2,palette (red-green),,deutan,#F09078,1,#A89C78,1,1,0.440225,0.355654,0.359348,0.382568,19.4642,2.6452,11.1084,0.234773
C-rg2,colorblind.io,rg2,palette (red-green),,protan,#F09078,1,#9C9C84,1,1,0.440225,0.355654,0.335136,0.366068,11.5848,1.8175,7.7415,0.170543
C-rg2,colorblind.io,rg2,palette (red-green),,deutan,#F09078,1,#9C9C84,1,1,0.440225,0.355654,0.335136,0.366068,31.6639,4.6462,19.4923,0.436912
C-rg2,colorblind.io,rg2,palette (red-green),,protan,#F09078,1,#B4A890,1,1,0.440225,0.355654,0.345308,0.362301,13.0239,2.077,8.8272,0.176776
C-rg2,colorblind.io,rg2,palette (red-green),,deutan,#F09078,1,#B4A890,1,1,0.440225,0.355654,0.345308,0.362301,33.2586,4.9374,20.6959,0.416095
C-rg2,colorblind.io,rg2,palette (red-green),,protan,#F09078,1,#CCC0A8,1,1,0.440225,0.355654,0.341412,0.358505,14.7249,2.4271,10.2796,0.209787
C-rg2,colorblind.io,rg2,palette (red-green),,deutan,#F09078,1,#CCC0A8,1,1,0.440225,0.355654,0.341412,0.358505,35.3038,5.4063,22.5677,0.454013
C-rg2,colorblind.io,rg2,palette (red-green),,protan,#F09078,1,#909060,1,1,0.440225,0.355654,0.361268,0.409273,13.8304,1.8305,7.7958,0.19293
C-rg2,colorblind.io,rg2,palette (red-green),,deutan,#F09078,1,#909060,1,1,0.440225,0.355654,0.361268,0.409273,4.1403,0.5449,2.256,0.058784
C-rg2,colorblind.io,rg2,palette (red-green),,protan,#F09078,1,#A8A878,1,1,0.440225,0.355654,0.354922,0.398782,7.0067,0.9556,4.091,0.098886
C-rg2,colorblind.io,rg2,palette (red-green),,deutan,#F09078,1,#A8A878,1,1,0.440225,0.355654,0.354922,0.398782,11.2283,1.509,6.2856,0.156107
C-rg2,colorblind.io,rg2,palette (red-green),,protan,#F09078,1,#847860,1,1,0.440225,0.355654,0.357373,0.373728,6.0827,0.8865,3.7951,0.072612
C-rg2,colorblind.io,rg2,palette (red-green),,deutan,#F09078,1,#847860,1,1,0.440225,0.355654,0.357373,0.373728,25.6066,3.5086,14.8109,0.296954
C-rg2,colorblind.io,rg2,palette (red-green),,protan,#F0909C,1,#605448,1,1,0.401193,0.31589,0.353801,0.358875,30.5712,4.6242,18.475,0.238178
C-rg2,colorblind.io,rg2,palette (red-green),,deutan,#F0909C,1,#605448,1,1,0.401193,0.31589,0.353801,0.358875,6.2195,0.9126,3.4972,0.049949
C-rg2,colorblind.io,rg2,palette (red-green),,protan,#F0909C,1,#787860,1,1,0.401193,0.31589,0.341276,0.37622,32.4298,4.9156,19.5508,0.332168
C-rg2,colorblind.io,rg2,palette (red-green),,deutan,#F0909C,1,#787860,1,1,0.401193,0.31589,0.341276,0.37622,9.095,1.3703,5.1931,0.097102
C-rg2,colorblind.io,rg2,palette (red-green),,protan,#F0909C,1,#786C60,1,1,0.401193,0.31589,0.345504,0.353293,22.0928,3.4067,13.7722,0.184403
C-rg2,colorblind.io,rg2,palette (red-green),,deutan,#F0909C,1,#786C60,1,1,0.401193,0.31589,0.345504,0.353293,2.0217,0.2986,1.1621,0.016907
C-rg2,colorblind.io,rg2,palette (red-green),,protan,#F0909C,1,#909078,1,1,0.401193,0.31589,0.33687,0.368936,26.5673,4.0665,16.3335,0.274261
C-rg2,colorblind.io,rg2,palette (red-green),,deutan,#F0909C,1,#909078,1,1,0.401193,0.31589,0.33687,0.368936,3.4923,0.5285,2.0249,0.036535
C-rg2,colorblind.io,rg2,palette (red-green),,protan,#F0909C,1,#A89078,1,1,0.401193,0.31589,0.364021,0.365447,39.8986,6.0627,23.7068,0.305418
C-rg2,colorblind.io,rg2,palette (red-green),,deutan,#F0909C,1,#A89078,1,1,0.401193,0.31589,0.364021,0.365447,16.8782,2.601,9.6427,0.133204
C-rg2,colorblind.io,rg2,palette (red-green),,protan,#F0909C,1,#A89C78,1,1,0.401193,0.31589,0.359348,0.382568,43.5984,6.7067,25.8836,0.41703
C-rg2,colorblind.io,rg2,palette (red-green),,deutan,#F0909C,1,#A89C78,1,1,0.401193,0.31589,0.359348,0.382568,21.4296,3.4094,12.423,0.21516
C-rg2,colorblind.io,rg2,palette (red-green),,protan,#F0909C,1,#9C9C84,1,1,0.401193,0.31589,0.335136,0.366068,24.2266,3.7312,15.0391,0.251821
C-rg2,colorblind.io,rg2,palette (red-green),,deutan,#F0909C,1,#9C9C84,1,1,0.401193,0.31589,0.335136,0.366068,1.2515,0.1903,0.7317,0.013021
C-rg2,colorblind.io,rg2,palette (red-green),,protan,#F0909C,1,#B4A890,1,1,0.401193,0.31589,0.345308,0.362301,26.5472,4.068,16.3364,0.245587
C-rg2,colorblind.io,rg2,palette (red-green),,deutan,#F0909C,1,#B4A890,1,1,0.401193,0.31589,0.345308,0.362301,3.6762,0.5593,2.14,0.033838
C-rg2,colorblind.io,rg2,palette (red-green),,protan,#F0909C,1,#CCC0A8,1,1,0.401193,0.31589,0.341412,0.358505,22.3182,3.461,13.9864,0.212576
C-rg2,colorblind.io,rg2,palette (red-green),,deutan,#F0909C,1,#CCC0A8,1,1,0.401193,0.31589,0.341412,0.358505,0.4393,0.0674,0.2596,0.00408
C-rg2,colorblind.io,rg2,palette (red-green),,protan,#F0909C,1,#909060,1,1,0.401193,0.31589,0.361268,0.409273,51.7757,8.2277,30.7915,0.615293
C-rg2,colorblind.io,rg2,palette (red-green),,deutan,#F0909C,1,#909060,1,1,0.401193,0.31589,0.361268,0.409273,30.1437,5.0633,17.8068,0.391149
C-rg2,colorblind.io,rg2,palette (red-green),,protan,#F0909C,1,#A8A878,1,1,0.401193,0.31589,0.354922,0.398782,45.4626,7.0855,27.0784,0.521249
C-rg2,colorblind.io,rg2,palette (red-green),,deutan,#F0909C,1,#A8A878,1,1,0.401193,0.31589,0.354922,0.398782,24.154,3.9486,14.2124,0.293827
C-rg2,colorblind.io,rg2,palette (red-green),,protan,#F0909C,1,#847860,1,1,0.401193,0.31589,0.357373,0.373728,39.9569,6.0607,23.7161,0.349751
C-rg2,colorblind.io,rg2,palette (red-green),,deutan,#F0909C,1,#847860,1,1,0.401193,0.31589,0.357373,0.373728,16.6489,2.5494,9.4679,0.152979
C-rg2,colorblind.io,rg2,palette (red-green),,protan,#D8849C,1,#605448,1,1,0.380955,0.299798,0.353801,0.358875,56.0038,9.498,34.505,0.391396
C-rg2,colorblind.io,rg2,palette (red-green),,deutan,#D8849C,1,#605448,1,1,0.380955,0.299798,0.353801,0.358875,30.2197,5.2882,17.8605,0.229403
C-rg2,colorblind.io,rg2,palette (red-green),,protan,#D8849C,1,#787860,1,1,0.380955,0.299798,0.341276,0.37622,51.665,8.7123,31.9687,0.485386
C-rg2,colorblind.io,rg2,palette (red-green),,deutan,#D8849C,1,#787860,1,1,0.380955,0.299798,0.341276,0.37622,27.2076,4.7808,16.3059,0.276556
C-rg2,colorblind.io,rg2,palette (red-green),,protan,#D8849C,1,#786C60,1,1,0.380955,0.299798,0.345504,0.353293,46.6878,7.7241,28.9514,0.337621
C-rg2,colorblind.io,rg2,palette (red-green),,deutan,#D8849C,1,#786C60,1,1,0.380955,0.299798,0.345504,0.353293,21.3534,3.5875,12.5754,0.162547
C-rg2,colorblind.io,rg2,palette (red-green),,protan,#D8849C,1,#909078,1,1,0.380955,0.299798,0.33687,0.368936,46.1122,7.6851,28.7008,0.427479
C-rg2,colorblind.io,rg2,palette (red-green),,deutan,#D8849C,1,#909078,1,1,0.380955,0.299798,0.33687,0.368936,22.1077,3.8203,13.2894,0.215989
C-rg2,colorblind.io,rg2,palette (red-green),,protan,#D8849C,1,#A89078,1,1,0.380955,0.299798,0.364021,0.365447,63.8514,11.5683,39.867,0.458636
C-rg2,colorblind.io,rg2,palette (red-green),,deutan,#D8849C,1,#A89078,1,1,0.380955,0.299798,0.364021,0.365447,39.8976,7.7981,24.7495,0.312658
C-rg2,colorblind.io,rg2,palette (red-green),,protan,#D8849C,1,#A89C78,1,1,0.380955,0.299798,0.359348,0.382568,62.4952,11.371,39.1573,0.570248
C-rg2,colorblind.io,rg2,palette (red-green),,deutan,#D8849C,1,#A89C78,1,1,0.380955,0.299798,0.359348,0.382568,39.48,7.8006,24.7541,0.394614
C-rg2,colorblind.io,rg2,palette (red-green),,protan,#D8849C,1,#9C9C84,1,1,0.380955,0.299798,0.335136,0.366068,43.7933,7.2774,27.3603,0.405039
C-rg2,colorblind.io,rg2,palette (red-green),,deutan,#D8849C,1,#9C9C84,1,1,0.380955,0.299798,0.335136,0.366068,19.9748,3.4362,12.0407,0.192475
C-rg2,colorblind.io,rg2,palette (red-green),,protan,#D8849C,1,#B4A890,1,1,0.380955,0.299798,0.345308,0.362301,48.4518,8.1463,30.1212,0.398805
C-rg2,colorblind.io,rg2,palette (red-green),,deutan,#D8849C,1,#B4A890,1,1,0.380955,0.299798,0.345308,0.362301,24.8136,4.3694,15.0169,0.213292
C-rg2,colorblind.io,rg2,palette (red-green),,protan,#D8849C,1,#CCC0A8,1,1,0.380955,0.299798,0.341412,0.358505,43.9703,7.3329,27.5012,0.365794
C-rg2,colorblind.io,rg2,palette (red-green),,deutan,#D8849C,1,#CCC0A8,1,1,0.380955,0.299798,0.341412,0.358505,20.5812,3.5777,12.4901,0.175374
C-rg2,colorblind.io,rg2,palette (red-green),,protan,#D8849C,1,#909060,1,1,0.380955,0.299798,0.361268,0.409273,66.2765,12.5567,41.9594,0.768511
C-rg2,colorblind.io,rg2,palette (red-green),,deutan,#D8849C,1,#909060,1,1,0.380955,0.299798,0.361268,0.409273,43.7152,9.1035,27.9677,0.570603
C-rg2,colorblind.io,rg2,palette (red-green),,protan,#D8849C,1,#A8A878,1,1,0.380955,0.299798,0.354922,0.398782,61.19,11.1972,38.5074,0.674467
C-rg2,colorblind.io,rg2,palette (red-green),,deutan,#D8849C,1,#A8A878,1,1,0.380955,0.299798,0.354922,0.398782,39.1193,7.8194,24.802,0.473281
C-rg2,colorblind.io,rg2,palette (red-green),,protan,#D8849C,1,#847860,1,1,0.380955,0.299798,0.357373,0.373728,61.2656,10.8281,38.0292,0.502969
C-rg2,colorblind.io,rg2,palette (red-green),,deutan,#D8849C,1,#847860,1,1,0.380955,0.299798,0.357373,0.373728,36.8334,6.9404,22.5021,0.332433
C-rg2,colorblind.io,rg2,palette (red-green),,protan,#A84860,1,#605448,1,1,0.437556,0.293532,0.353801,0.358875,26.8585,4.0107,16.1811,0.378166
C-rg2,colorblind.io,rg2,palette (red-green),,deutan,#A84860,1,#605448,1,1,0.437556,0.293532,0.353801,0.358875,1.8172,0.2553,0.9991,0.024917
C-rg2,colorblind.io,rg2,palette (red-green),,protan,#A84860,1,#787860,1,1,0.437556,0.293532,0.341276,0.37622,27.2826,4.0694,16.4278,0.472157
C-rg2,colorblind.io,rg2,palette (red-green),,deutan,#A84860,1,#787860,1,1,0.437556,0.293532,0.341276,0.37622,4.3421,0.6373,2.465,0.07207
C-rg2,colorblind.io,rg2,palette (red-green),,protan,#A84860,1,#786C60,1,1,0.437556,0.293532,0.345504,0.353293,21.4599,3.2986,13.3542,0.324391
C-rg2,colorblind.io,rg2,palette (red-green),,deutan,#A84860,1,#786C60,1,1,0.437556,0.293532,0.345504,0.353293,2.9665,0.4321,1.6905,0.041939
C-rg2,colorblind.io,rg2,palette (red-green),,protan,#A84860,1,#909078,1,1,0.437556,0.293532,0.33687,0.368936,23.3023,3.5515,14.3809,0.414249
C-rg2,colorblind.io,rg2,palette (red-green),,deutan,#A84860,1,#909078,1,1,0.437556,0.293532,0.33687,0.368936,0.6988,0.1053,0.4072,0.011503
C-rg2,colorblind.io,rg2,palette (red-green),,protan,#A84860,1,#A89078,1,1,0.437556,0.293532,0.364021,0.365447,30.3756,4.4779,18.0206,0.445406
C-rg2,colorblind.io,rg2,palette (red-green),,deutan,#A84860,1,#A89078,1,1,0.437556,0.293532,0.364021,0.365447,7.8595,1.1523,4.4361,0.108172
C-rg2,colorblind.io,rg2,palette (red-green),,protan,#A84860,1,#A89C78,1,1,0.437556,0.293532,0.359348,0.382568,33.0544,4.8566,19.4476,0.557018
C-rg2,colorblind.io,rg2,palette (red-green),,deutan,#A84860,1,#A89C78,1,1,0.437556,0.293532,0.359348,0.382568,11.8773,1.7766,6.7775,0.190128
C-rg2,colorblind.io,rg2,palette (red-green),,protan,#A84860,1,#9C9C84,1,1,0.437556,0.293532,0.335136,0.366068,21.7723,3.3506,13.5822,0.391809
C-rg2,colorblind.io,rg2,palette (red-green),,deutan,#A84860,1,#9C9C84,1,1,0.437556,0.293532,0.335136,0.366068,0.7312,0.1114,0.4309,0.012011
C-rg2,colorblind.io,rg2,palette (red-green),,protan,#A84860,1,#B4A890,1,1,0.437556,0.293532,0.345308,0.362301,22.9857,3.5119,14.224,0.385576
C-rg2,colorblind.io,rg2,palette (red-green),,deutan,#A84860,1,#B4A890,1,1,0.437556,0.293532,0.345308,0.362301,0.5789,0.0877,0.3391,0.008806
C-rg2,colorblind.io,rg2,palette (red-green),,protan,#A84860,1,#CCC0A8,1,1,0.437556,0.293532,0.341412,0.358505,20.4483,3.1766,12.8883,0.352564
C-rg2,colorblind.io,rg2,palette (red-green),,deutan,#A84860,1,#CCC0A8,1,1,0.437556,0.293532,0.341412,0.358505,1.9001,0.2932,1.1332,0.029112
C-rg2,colorblind.io,rg2,palette (red-green),,protan,#A84860,1,#909060,1,1,0.437556,0.293532,0.361268,0.409273,39.3091,5.7487,22.7385,0.755281
C-rg2,colorblind.io,rg2,palette (red-green),,deutan,#A84860,1,#909060,1,1,0.437556,0.293532,0.361268,0.409273,19.2814,2.9266,11.014,0.366117
C-rg2,colorblind.io,rg2,palette (red-green),,protan,#A84860,1,#A8A878,1,1,0.437556,0.293532,0.354922,0.398782,34.6163,5.1061,20.3423,0.661237
C-rg2,colorblind.io,rg2,palette (red-green),,deutan,#A84860,1,#A8A878,1,1,0.437556,0.293532,0.354922,0.398782,14.7178,2.2494,8.516,0.268795
C-rg2,colorblind.io,rg2,palette (red-green),,protan,#A84860,1,#847860,1,1,0.437556,0.293532,0.357373,0.373728,31.398,4.6072,18.5272,0.489739
C-rg2,colorblind.io,rg2,palette (red-green),,deutan,#A84860,1,#847860,1,1,0.437556,0.293532,0.357373,0.373728,8.5092,1.235,4.7587,0.127947
C-rg2,colorblind.io,rg2,palette (red-green),,protan,#D86060,1,#605448,1,1,0.479008,0.329494,0.353801,0.358875,2.8647,0.4237,1.7813,0.052337
C-rg2,colorblind.io,rg2,palette (red-green),,deutan,#D86060,1,#605448,1,1,0.479008,0.329494,0.353801,0.358875,24.7315,3.2826,13.7854,0.434327
C-rg2,colorblind.io,rg2,palette (red-green),,protan,#D86060,1,#787860,1,1,0.479008,0.329494,0.341276,0.37622,1.928,0.2764,1.1712,0.041654
C-rg2,colorblind.io,rg2,palette (red-green),,deutan,#D86060,1,#787860,1,1,0.479008,0.329494,0.341276,0.37622,18.9714,2.5374,10.6017,0.387174
C-rg2,colorblind.io,rg2,palette (red-green),,protan,#D86060,1,#786C60,1,1,0.479008,0.329494,0.345504,0.353293,5.3392,0.8278,3.4663,0.106112
C-rg2,colorblind.io,rg2,palette (red-green),,deutan,#D86060,1,#786C60,1,1,0.479008,0.329494,0.345504,0.353293,27.3856,3.8229,15.9379,0.501183
C-rg2,colorblind.io,rg2,palette (red-green),,protan,#D86060,1,#909078,1,1,0.479008,0.329494,0.33687,0.368936,0.7165,0.107,0.4525,0.016254
C-rg2,colorblind.io,rg2,palette (red-green),,deutan,#D86060,1,#909078,1,1,0.479008,0.329494,0.33687,0.368936,21.7939,3.0468,12.6573,0.447741
C-rg2,colorblind.io,rg2,palette (red-green),,protan,#D86060,1,#A89078,1,1,0.479008,0.329494,0.364021,0.365447,0.7748,0.1129,0.4777,0.014904
C-rg2,colorblind.io,rg2,palette (red-green),,deutan,#D86060,1,#A89078,1,1,0.479008,0.329494,0.364021,0.365447,20.207,2.7462,11.4527,0.351072
C-rg2,colorblind.io,rg2,palette (red-green),,protan,#D86060,1,#A89C78,1,1,0.479008,0.329494,0.359348,0.382568,5.9919,0.8336,3.5469,0.126515
C-rg2,colorblind.io,rg2,palette (red-green),,deutan,#D86060,1,#A89C78,1,1,0.479008,0.329494,0.359348,0.382568,13.8771,1.8522,7.7116,0.269116
C-rg2,colorblind.io,rg2,palette (red-green),,protan,#D86060,1,#9C9C84,1,1,0.479008,0.329494,0.335136,0.366068,1.6684,0.2537,1.0714,0.038694
C-rg2,colorblind.io,rg2,palette (red-green),,deutan,#D86060,1,#9C9C84,1,1,0.479008,0.329494,0.335136,0.366068,22.846,3.2564,13.4908,0.471255
C-rg2,colorblind.io,rg2,palette (red-green),,protan,#D86060,1,#B4A890,1,1,0.479008,0.329494,0.345308,0.362301,2.0319,0.3107,1.3114,0.044927
C-rg2,colorblind.io,rg2,palette (red-green),,deutan,#D86060,1,#B4A890,1,1,0.479008,0.329494,0.345308,0.362301,23.275,3.3335,13.8022,0.450438
C-rg2,colorblind.io,rg2,palette (red-green),,protan,#D86060,1,#CCC0A8,1,1,0.479008,0.329494,0.341412,0.358505,3.3789,0.5317,2.2395,0.077938
C-rg2,colorblind.io,rg2,palette (red-green),,deutan,#D86060,1,#CCC0A8,1,1,0.479008,0.329494,0.341412,0.358505,24.8277,3.6679,15.1164,0.488356
C-rg2,colorblind.io,rg2,palette (red-green),,protan,#D86060,1,#909060,1,1,0.479008,0.329494,0.361268,0.409273,14.3264,1.8737,7.9822,0.324779
C-rg2,colorblind.io,rg2,palette (red-green),,deutan,#D86060,1,#909060,1,1,0.479008,0.329494,0.361268,0.409273,4.2494,0.5462,2.2704,0.093127
C-rg2,colorblind.io,rg2,palette (red-green),,protan,#D86060,1,#A8A878,1,1,0.479008,0.329494,0.354922,0.398782,9.949,1.3482,5.7451,0.230735
C-rg2,colorblind.io,rg2,palette (red-green),,deutan,#D86060,1,#A8A878,1,1,0.479008,0.329494,0.354922,0.398782,8.8443,1.1757,4.8789,0.190449
C-rg2,colorblind.io,rg2,palette (red-green),,protan,#D86060,1,#847860,1,1,0.479008,0.329494,0.357373,0.373728,3.0015,0.4243,1.7995,0.059237
C-rg2,colorblind.io,rg2,palette (red-green),,deutan,#D86060,1,#847860,1,1,0.479008,0.329494,0.357373,0.373728,17.8457,2.3534,9.8488,0.331297
C-rg2,colorblind.io,rg2,palette (red-green),,protan,#E48460,1,#605448,1,1,0.462598,0.369587,0.353801,0.358875,26.297,4.2769,18.0412,0.396019
C-rg2,colorblind.io,rg2,palette (red-green),,deutan,#E48460,1,#605448,1,1,0.462598,0.369587,0.353801,0.358875,44.4223,6.5556,27.7728,0.64177
C-rg2,colorblind.io,rg2,palette (red-green),,protan,#E48460,1,#787860,1,1,0.462598,0.369587,0.341276,0.37622,17.2167,2.5762,11.0959,0.302028
C-rg2,colorblind.io,rg2,palette (red-green),,deutan,#E48460,1,#787860,1,1,0.462598,0.369587,0.341276,0.37622,35.3282,4.9324,21.0936,0.594617
C-rg2,colorblind.io,rg2,palette (red-green),,protan,#E48460,1,#786C60,1,1,0.462598,0.369587,0.345504,0.353293,27.3196,4.6743,19.5476,0.449794
C-rg2,colorblind.io,rg2,palette (red-green),,deutan,#E48460,1,#786C60,1,1,0.462598,0.369587,0.345504,0.353293,46.2251,7.1414,29.9881,0.708626
C-rg2,colorblind.io,rg2,palette (red-green),,protan,#E48460,1,#909078,1,1,0.462598,0.369587,0.33687,0.368936,19.4922,3.0747,13.1564,0.359936
C-rg2,colorblind.io,rg2,palette (red-green),,deutan,#E48460,1,#909078,1,1,0.462598,0.369587,0.33687,0.368936,38.2786,5.6081,23.8116,0.655184
C-rg2,colorblind.io,rg2,palette (red-green),,protan,#E48460,1,#A89078,1,1,0.462598,0.369587,0.364021,0.365447,21.8701,3.502,14.9071,0.328778
C-rg2,colorblind.io,rg2,palette (red-green),,deutan,#E48460,1,#A89078,1,1,0.462598,0.369587,0.364021,0.365447,40.5978,5.9788,25.3657,0.558515
C-rg2,colorblind.io,rg2,palette (red-green),,protan,#E48460,1,#A89C78,1,1,0.462598,0.369587,0.359348,0.382568,13.3184,1.9336,8.3771,0.217167
C-rg2,colorblind.io,rg2,palette (red-green),,deutan,#E48460,1,#A89C78,1,1,0.462598,0.369587,0.359348,0.382568,31.2009,4.2901,18.3571,0.476559
C-rg2,colorblind.io,rg2,palette (red-green),,protan,#E48460,1,#9C9C84,1,1,0.462598,0.369587,0.335136,0.366068,20.2281,3.2633,13.9223,0.382376
C-rg2,colorblind.io,rg2,palette (red-green),,deutan,#E48460,1,#9C9C84,1,1,0.462598,0.369587,0.335136,0.366068,39.3334,5.8844,24.899,0.678698
C-rg2,colorblind.io,rg2,palette (red-green),,protan,#E48460,1,#B4A890,1,1,0.462598,0.369587,0.345308,0.362301,21.8166,3.6142,15.3379,0.388609
C-rg2,colorblind.io,rg2,palette (red-green),,deutan,#E48460,1,#B4A890,1,1,0.462598,0.369587,0.345308,0.362301,41.1977,6.2899,26.5208,0.657881
C-rg2,colorblind.io,rg2,palette (red-green),,protan,#E48460,1,#CCC0A8,1,1,0.462598,0.369587,0.341412,0.358505,22.5485,3.8667,16.3279,0.42162
C-rg2,colorblind.io,rg2,palette (red-green),,deutan,#E48460,1,#CCC0A8,1,1,0.462598,0.369587,0.341412,0.358505,42.4705,6.6996,28.0785,0.695799
C-rg2,colorblind.io,rg2,palette (red-green),,protan,#E48460,1,#909060,1,1,0.462598,0.369587,0.361268,0.409273,1.0885,0.1422,0.6206,0.018903
C-rg2,colorblind.io,rg2,palette (red-green),,deutan,#E48460,1,#909060,1,1,0.462598,0.369587,0.361268,0.409273,17.5577,2.2418,9.6022,0.30057
C-rg2,colorblind.io,rg2,palette (red-green),,protan,#E48460,1,#A8A878,1,1,0.462598,0.369587,0.354922,0.398782,6.3191,0.8661,3.7756,0.112947
C-rg2,colorblind.io,rg2,palette (red-green),,deutan,#E48460,1,#A8A878,1,1,0.462598,0.369587,0.354922,0.398782,23.3725,3.1071,13.2927,0.397893
C-rg2,colorblind.io,rg2,palette (red-green),,protan,#E48460,1,#847860,1,1,0.462598,0.369587,0.357373,0.373728,18.2103,2.7372,11.7714,0.284445
C-rg2,colorblind.io,rg2,palette (red-green),,deutan,#E48460,1,#847860,1,1,0.462598,0.369587,0.357373,0.373728,36.2933,5.07,21.6864,0.538741
C-rg2,colorblind.io,rg2,palette (red-green),,protan,#F0A878,1,#605448,1,1,0.425208,0.381821,0.353801,0.358875,38.6365,7.2758,29.8136,0.366453
C-rg2,colorblind.io,rg2,palette (red-green),,deutan,#F0A878,1,#605448,1,1,0.425208,0.381821,0.353801,0.358875,56.2719,9.5886,39.6241,0.501618
C-rg2,colorblind.io,rg2,palette (red-green),,protan,#F0A878,1,#787860,1,1,0.425208,0.381821,0.341276,0.37622,24.3673,3.8553,16.6051,0.272463
C-rg2,colorblind.io,rg2,palette (red-green),,deutan,#F0A878,1,#787860,1,1,0.425208,0.381821,0.341276,0.37622,42.0513,6.2249,26.6139,0.454465
C-rg2,colorblind.io,rg2,palette (red-green),,protan,#F0A878,1,#786C60,1,1,0.425208,0.381821,0.345504,0.353293,39.538,7.7882,31.519,0.420228
C-rg2,colorblind.io,rg2,palette (red-green),,deutan,#F0A878,1,#786C60,1,1,0.425208,0.381821,0.345504,0.353293,57.7984,10.2418,41.8607,0.568473
C-rg2,colorblind.io,rg2,palette (red-green),,protan,#F0A878,1,#909078,1,1,0.425208,0.381821,0.33687,0.368936,27.9034,4.6944,20.0057,0.33037
C-rg2,colorblind.io,rg2,palette (red-green),,deutan,#F0A878,1,#909078,1,1,0.425208,0.381821,0.33687,0.368936,46.1713,7.2051,30.5405,0.515032
C-rg2,colorblind.io,rg2,palette (red-green),,protan,#F0A878,1,#A89078,1,1,0.425208,0.381821,0.364021,0.365447,34.7969,6.3578,26.4284,0.299213
C-rg2,colorblind.io,rg2,palette (red-green),,deutan,#F0A878,1,#A89078,1,1,0.425208,0.381821,0.364021,0.365447,53.0319,8.8224,36.805,0.418363
C-rg2,colorblind.io,rg2,palette (red-green),,protan,#F0A878,1,#A89C78,1,1,0.425208,0.381821,0.359348,0.382568,19.9721,3.0376,13.1761,0.187601
C-rg2,colorblind.io,rg2,palette (red-green),,deutan,#F0A878,1,#A89C78,1,1,0.425208,0.381821,0.359348,0.382568,37.5496,5.4056,23.1703,0.336407
C-rg2,colorblind.io,rg2,palette (red-green),,protan,#F0A878,1,#9C9C84,1,1,0.425208,0.381821,0.335136,0.366068,29.0469,5.015,21.2659,0.35281
C-rg2,colorblind.io,rg2,palette (red-green),,deutan,#F0A878,1,#9C9C84,1,1,0.425208,0.381821,0.335136,0.366068,47.609,7.599,32.0719,0.538546
C-rg2,colorblind.io,rg2,palette (red-green),,protan,#F0A878,1,#B4A890,1,1,0.425208,0.381821,0.345308,0.362301,32.4954,5.9198,24.7409,0.359044
C-rg2,colorblind.io,rg2,palette (red-green),,deutan,#F0A878,1,#B4A890,1,1,0.425208,0.381821,0.345308,0.362301,51.3308,8.5521,35.7315,0.517729
C-rg2,colorblind.io,rg2,palette (red-green),,protan,#F0A878,1,#CCC0A8,1,1,0.425208,0.381821,0.341412,0.358505,33.4333,6.3277,26.2155,0.392055
C-rg2,colorblind.io,rg2,palette (red-green),,deutan,#F0A878,1,#CCC0A8,1,1,0.425208,0.381821,0.341412,0.358505,52.8112,9.1008,37.7201,0.555646
C-rg2,colorblind.io,rg2,palette (red-green),,protan,#F0A878,1,#909060,1,1,0.425208,0.381821,0.361268,0.409273,1.0363,0.1376,0.5987,0.010662
C-rg2,colorblind.io,rg2,palette (red-green),,deutan,#F0A878,1,#909060,1,1,0.425208,0.381821,0.361268,0.409273,15.4144,2.0262,8.6046,0.160418
C-rg2,colorblind.io,rg2,palette (red-green),,protan,#F0A878,1,#A8A878,1,1,0.425208,0.381821,0.354922,0.398782,7.8685,1.0962,4.7876,0.083382
C-rg2,colorblind.io,rg2,palette (red-green),,deutan,#F0A878,1,#A8A878,1,1,0.425208,0.381821,0.354922,0.398782,24.7861,3.3688,14.4023,0.25774
C-rg2,colorblind.io,rg2,palette (red-green),,protan,#F0A878,1,#847860,1,1,0.425208,0.381821,0.357373,0.373728,27.4416,4.4681,19.1187,0.25488
C-rg2,colorblind.io,rg2,palette (red-green),,deutan,#F0A878,1,#847860,1,1,0.425208,0.381821,0.357373,0.373728,45.1109,6.8189,29.0622,0.398588
C-rg2,colorblind.io,rg2,palette (red-green),,protan,#907878,1,#605448,1,1,0.343228,0.329092,0.353801,0.358875,82.7747,53.9803,76.6995,0.223135
C-rg2,colorblind.io,rg2,palette (red-green),,deutan,#907878,1,#605448,1,1,0.343228,0.329092,0.353801,0.358875,74.2343,50.2292,61.7447,0.212363
C-rg2,colorblind.io,rg2,palette (red-green),,protan,#907878,1,#787860,1,1,0.343228,0.329092,0.341276,0.37622,73.8464,18.6035,51.4791,0.317125
C-rg2,colorblind.io,rg2,palette (red-green),,deutan,#907878,1,#787860,1,1,0.343228,0.329092,0.341276,0.37622,52.0013,15.0949,37.3909,0.259516
C-rg2,colorblind.io,rg2,palette (red-green),,protan,#907878,1,#786C60,1,1,0.343228,0.329092,0.345504,0.353293,82.9455,25.0064,59.7676,0.16936
C-rg2,colorblind.io,rg2,palette (red-green),,deutan,#907878,1,#786C60,1,1,0.343228,0.329092,0.345504,0.353293,60.0722,21.2676,44.8633,0.145508
C-rg2,colorblind.io,rg2,palette (red-green),,protan,#907878,1,#909078,1,1,0.343228,0.329092,0.33687,0.368936,67.1065,15.0382,45.5896,0.259218
C-rg2,colorblind.io,rg2,palette (red-green),,deutan,#907878,1,#909078,1,1,0.343228,0.329092,0.33687,0.368936,45.3372,11.5293,31.5087,0.19895
C-rg2,colorblind.io,rg2,palette (red-green),,protan,#907878,1,#A89078,1,1,0.343228,0.329092,0.364021,0.365447,74.4254,71.2818,89.4957,0.290375
C-rg2,colorblind.io,rg2,palette (red-green),,deutan,#907878,1,#A89078,1,1,0.343228,0.329092,0.364021,0.365447,83.8276,74.6829,76.7592,0.295618
C-rg2,colorblind.io,rg2,palette (red-green),,protan,#907878,1,#A89C78,1,1,0.343228,0.329092,0.359348,0.382568,88.768,44.4576,71.5427,0.401987
C-rg2,colorblind.io,rg2,palette (red-green),,deutan,#907878,1,#A89C78,1,1,0.343228,0.329092,0.359348,0.382568,70.5243,41.2667,58.5643,0.377575
C-rg2,colorblind.io,rg2,palette (red-green),,protan,#907878,1,#9C9C84,1,1,0.343228,0.329092,0.335136,0.366068,63.8527,13.662,42.9313,0.236778
C-rg2,colorblind.io,rg2,palette (red-green),,deutan,#907878,1,#9C9C84,1,1,0.343228,0.329092,0.335136,0.366068,42.0867,10.1449,28.8256,0.175435
C-rg2,colorblind.io,rg2,palette (red-green),,protan,#907878,1,#B4A890,1,1,0.343228,0.329092,0.345308,0.362301,79.6556,23.0875,57.1853,0.230544
C-rg2,colorblind.io,rg2,palette (red-green),,deutan,#907878,1,#B4A890,1,1,0.343228,0.329092,0.345308,0.362301,57.8832,19.6105,43.2024,0.196252
C-rg2,colorblind.io,rg2,palette (red-green),,protan,#907878,1,#CCC0A8,1,1,0.343228,0.329092,0.341412,0.358505,72.6793,17.8949,50.4144,0.197533
C-rg2,colorblind.io,rg2,palette (red-green),,deutan,#907878,1,#CCC0A8,1,1,0.343228,0.329092,0.341412,0.358505,50.8454,14.386,36.3263,0.158335
C-rg2,colorblind.io,rg2,palette (red-green),,protan,#907878,1,#909060,1,1,0.343228,0.329092,0.361268,0.409273,85.8532,34.7529,65.9097,0.60025
C-rg2,colorblind.io,rg2,palette (red-green),,deutan,#907878,1,#909060,1,1,0.343228,0.329092,0.361268,0.409273,66.0987,31.7583,53.6507,0.553564
C-rg2,colorblind.io,rg2,palette (red-green),,protan,#907878,1,#A8A878,1,1,0.343228,0.329092,0.354922,0.398782,82.6532,29.5422,62.2261,0.506206
C-rg2,colorblind.io,rg2,palette (red-green),,deutan,#907878,1,#A8A878,1,1,0.343228,0.329092,0.354922,0.398782,62.9654,26.5489,49.9779,0.456241
C-rg2,colorblind.io,rg2,palette (red-green),,protan,#907878,1,#847860,1,1,0.343228,0.329092,0.357373,0.373728,86.3721,47.0432,73.319,0.334708
C-rg2,colorblind.io,rg2,palette (red-green),,deutan,#907878,1,#847860,1,1,0.343228,0.329092,0.357373,0.373728,71.7928,43.5862,59.3913,0.315393
C-rg2,colorblind.io,rg2,palette (red-green),,protan,#B45484,1,#605448,1,1,0.386164,0.261451,0.353801,0.358875,65.6713,11.7683,41.0514,0.699953
C-rg2,colorblind.io,rg2,palette (red-green),,deutan,#B45484,1,#605448,1,1,0.386164,0.261451,0.353801,0.358875,37.3221,6.8404,22.0221,0.429888
C-rg2,colorblind.io,rg2,palette (red-green),,protan,#B45484,1,#787860,1,1,0.386164,0.261451,0.341276,0.37622,59.7535,10.6427,37.5069,0.793944
C-rg2,colorblind.io,rg2,palette (red-green),,deutan,#B45484,1,#787860,1,1,0.386164,0.261451,0.341276,0.37622,33.8139,6.3131,20.4903,0.477041
C-rg2,colorblind.io,rg2,palette (red-green),,protan,#B45484,1,#786C60,1,1,0.386164,0.261451,0.345504,0.353293,58.9043,10.3975,36.9935,0.646178
C-rg2,colorblind.io,rg2,palette (red-green),,deutan,#B45484,1,#786C60,1,1,0.386164,0.261451,0.345504,0.353293,31.656,5.7247,18.8246,0.363032
C-rg2,colorblind.io,rg2,palette (red-green),,protan,#B45484,1,#909078,1,1,0.386164,0.261451,0.33687,0.368936,55.4725,9.8323,35.0264,0.736036
C-rg2,colorblind.io,rg2,palette (red-green),,deutan,#B45484,1,#909078,1,1,0.386164,0.261451,0.33687,0.368936,30.4201,5.6766,18.6252,0.416474
C-rg2,colorblind.io,rg2,palette (red-green),,protan,#B45484,1,#A89078,1,1,0.386164,0.261451,0.364021,0.365447,67.6491,12.5854,42.5192,0.767193
C-rg2,colorblind.io,rg2,palette (red-green),,deutan,#B45484,1,#A89078,1,1,0.386164,0.261451,0.364021,0.365447,42.669,8.5668,26.5364,0.513143
C-rg2,colorblind.io,rg2,palette (red-green),,protan,#B45484,1,#A89C78,1,1,0.386164,0.261451,0.359348,0.382568,65.5809,12.2485,41.382,0.878805
C-rg2,colorblind.io,rg2,palette (red-green),,deutan,#B45484,1,#A89C78,1,1,0.386164,0.261451,0.359348,0.382568,41.866,8.5132,26.3969,0.595099
C-rg2,colorblind.io,rg2,palette (red-green),,protan,#B45484,1,#9C9C84,1,1,0.386164,0.261451,0.335136,0.366068,53.7218,9.5125,34.0292,0.713596
C-rg2,colorblind.io,rg2,palette (red-green),,deutan,#B45484,1,#9C9C84,1,1,0.386164,0.261451,0.335136,0.366068,29.0185,5.4197,17.8548,0.392959
C-rg2,colorblind.io,rg2,palette (red-green),,protan,#B45484,1,#B4A890,1,1,0.386164,0.261451,0.345308,0.362301,57.15,10.2224,36.0557,0.707363
C-rg2,colorblind.io,rg2,palette (red-green),,deutan,#B45484,1,#B4A890,1,1,0.386164,0.261451,0.345308,0.362301,32.7661,6.2428,20.2558,0.413777
C-rg2,colorblind.io,rg2,palette (red-green),,protan,#B45484,1,#CCC0A8,1,1,0.386164,0.261451,0.341412,0.358505,53.9861,9.6181,34.232,0.674351
C-rg2,colorblind.io,rg2,palette (red-green),,deutan,#B45484,1,#CCC0A8,1,1,0.386164,0.261451,0.341412,0.358505,30.0478,5.7051,18.6823,0.375859
C-rg2,colorblind.io,rg2,palette (red-green),,protan,#B45484,1,#909060,1,1,0.386164,0.261451,0.361268,0.409273,67.7924,12.9331,42.9587,1.077069
C-rg2,colorblind.io,rg2,palette (red-green),,deutan,#B45484,1,#909060,1,1,0.386164,0.261451,0.361268,0.409273,44.5625,9.3319,28.438,0.771088
C-rg2,colorblind.io,rg2,palette (red-green),,protan,#B45484,1,#A8A878,1,1,0.386164,0.261451,0.354922,0.398782,63.6696,11.9655,40.3873,0.983024
C-rg2,colorblind.io,rg2,palette (red-green),,deutan,#B45484,1,#A8A878,1,1,0.386164,0.261451,0.354922,0.398782,41.196,8.4919,26.341,0.673765
C-rg2,colorblind.io,rg2,palette (red-green),,protan,#B45484,1,#847860,1,1,0.386164,0.261451,0.357373,0.373728,66.515,12.1737,41.6691,0.811527
C-rg2,colorblind.io,rg2,palette (red-green),,deutan,#B45484,1,#847860,1,1,0.386164,0.261451,0.357373,0.373728,40.6149,7.914,24.8634,0.532917
C-rg2,colorblind.io,rg2,palette (red-green),,protan,#E4846C,1,#605448,1,1,0.449611,0.356725,0.353801,0.358875,17.2375,2.7158,11.4955,0.223944
C-rg2,colorblind.io,rg2,palette (red-green),,deutan,#E4846C,1,#605448,1,1,0.449611,0.356725,0.353801,0.358875,36.8951,5.2854,22.3452,0.461769
C-rg2,colorblind.io,rg2,palette (red-green),,protan,#E4846C,1,#787860,1,1,0.449611,0.356725,0.341276,0.37622,8.4324,1.2403,5.3169,0.129953
C-rg2,colorblind.io,rg2,palette (red-green),,deutan,#E4846C,1,#787860,1,1,0.449611,0.356725,0.341276,0.37622,27.7512,3.8326,16.2151,0.414615
C-rg2,colorblind.io,rg2,palette (red-green),,protan,#E4846C,1,#786C60,1,1,0.449611,0.356725,0.345504,0.353293,19.5268,3.2354,13.5987,0.277719
C-rg2,colorblind.io,rg2,palette (red-green),,deutan,#E4846C,1,#786C60,1,1,0.449611,0.356725,0.345504,0.353293,39.6711,5.9525,24.9852,0.528624
C-rg2,colorblind.io,rg2,palette (red-green),,protan,#E4846C,1,#909078,1,1,0.449611,0.356725,0.33687,0.368936,11.6394,1.7951,7.665,0.187861
C-rg2,colorblind.io,rg2,palette (red-green),,deutan,#E4846C,1,#909078,1,1,0.449611,0.356725,0.33687,0.368936,31.3847,4.5269,19.0658,0.475182
C-rg2,colorblind.io,rg2,palette (red-green),,protan,#E4846C,1,#A89078,1,1,0.449611,0.356725,0.364021,0.365447,12.2841,1.8834,8.0354,0.156703
C-rg2,colorblind.io,rg2,palette (red-green),,deutan,#E4846C,1,#A89078,1,1,0.449611,0.356725,0.364021,0.365447,31.9682,4.5532,19.2245,0.378513
C-rg2,colorblind.io,rg2,palette (red-green),,protan,#E4846C,1,#A89C78,1,1,0.449611,0.356725,0.359348,0.382568,3.1849,0.4518,1.9436,0.045092
C-rg2,colorblind.io,rg2,palette (red-green),,deutan,#E4846C,1,#A89C78,1,1,0.449611,0.356725,0.359348,0.382568,21.9967,2.9895,12.6157,0.296557
C-rg2,colorblind.io,rg2,palette (red-green),,protan,#E4846C,1,#9C9C84,1,1,0.449611,0.356725,0.335136,0.366068,12.7527,2.0074,8.555,0.210301
C-rg2,colorblind.io,rg2,palette (red-green),,deutan,#E4846C,1,#9C9C84,1,1,0.449611,0.356725,0.335136,0.366068,32.7104,4.8098,20.2083,0.498697
C-rg2,colorblind.io,rg2,palette (red-green),,protan,#E4846C,1,#B4A890,1,1,0.449611,0.356725,0.345308,0.362301,14.1089,2.2594,9.6041,0.216534
C-rg2,colorblind.io,rg2,palette (red-green),,deutan,#E4846C,1,#B4A890,1,1,0.449611,0.356725,0.345308,0.362301,34.2475,5.0985,21.3943,0.477879
C-rg2,colorblind.io,rg2,palette (red-green),,protan,#E4846C,1,#CCC0A8,1,1,0.449611,0.356725,0.341412,0.358505,15.5059,2.5662,10.8687,0.249545
C-rg2,colorblind.io,rg2,palette (red-green),,deutan,#E4846C,1,#CCC0A8,1,1,0.449611,0.356725,0.341412,0.358505,36.0293,5.5354,23.119,0.515797
C-rg2,colorblind.io,rg2,palette (red-green),,protan,#E4846C,1,#909060,1,1,0.449611,0.356725,0.361268,0.409273,9.8558,1.2962,5.5621,0.153172
C-rg2,colorblind.io,rg2,palette (red-green),,deutan,#E4846C,1,#909060,1,1,0.449611,0.356725,0.361268,0.409273,7.7388,1.0067,4.2114,0.120568
C-rg2,colorblind.io,rg2,palette (red-green),,protan,#E4846C,1,#A8A878,1,1,0.449611,0.356725,0.354922,0.398782,3.7382,0.5095,2.1927,0.059128
C-rg2,colorblind.io,rg2,palette (red-green),,deutan,#E4846C,1,#A8A878,1,1,0.449611,0.356725,0.354922,0.398782,14.214,1.9014,7.9787,0.217891
C-rg2,colorblind.io,rg2,palette (red-green),,protan,#E4846C,1,#847860,1,1,0.449611,0.356725,0.357373,0.373728,8.3143,1.2156,5.2113,0.11237
C-rg2,colorblind.io,rg2,palette (red-green),,deutan,#E4846C,1,#847860,1,1,0.449611,0.356725,0.357373,0.373728,27.6027,3.7815,16.0181,0.358739
C-rg3,colorblind.io,rg3,palette (red-green),,protan,#D86060,1,#789048,1,1,0.479008,0.329494,0.355434,0.459282,23.7837,3.0166,12.7701,0.685056
C-rg3,colorblind.io,rg3,palette (red-green),,deutan,#D86060,1,#789048,1,1,0.479008,0.329494,0.355434,0.459282,7.3419,0.9453,3.8892,0.215708
C-rg3,colorblind.io,rg3,palette (red-green),,protan,#D86060,1,#90A860,1,1,0.479008,0.329494,0.350814,0.441816,18.9599,2.4609,10.448,0.531769
C-rg3,colorblind.io,rg3,palette (red-green),,deutan,#D86060,1,#90A860,1,1,0.479008,0.329494,0.350814,0.441816,2.4401,0.3212,1.3229,0.066609
C-rg3,colorblind.io,rg3,palette (red-green),,protan,#D86060,1,#9CB46C,1,1,0.479008,0.329494,0.348773,0.434584,16.9136,2.2218,9.4427,0.470831
C-rg3,colorblind.io,rg3,palette (red-green),,deutan,#D86060,1,#9CB46C,1,1,0.479008,0.329494,0.348773,0.434584,0.2735,0.0364,0.15,0.007263
C-rg3,colorblind.io,rg3,palette (red-green),,protan,#D86060,1,#A8C078,1,1,0.479008,0.329494,0.346904,0.428161,15.0836,2.0053,8.5297,0.417821
C-rg3,colorblind.io,rg3,palette (red-green),,deutan,#D86060,1,#A8C078,1,1,0.479008,0.329494,0.346904,0.428161,1.7104,0.2303,0.9484,0.044399
C-rg3,colorblind.io,rg3,palette (red-green),,protan,#D86060,1,#C0C060,1,1,0.479008,0.329494,0.385135,0.448734,26.9274,3.4495,14.505,0.730471
C-rg3,colorblind.io,rg3,palette (red-green),,deutan,#D86060,1,#C0C060,1,1,0.479008,0.329494,0.385135,0.448734,12.2629,1.6228,6.6197,0.323573
C-rg3,colorblind.io,rg3,palette (red-green),,protan,#D86060,1,#C0D878,1,1,0.479008,0.329494,0.358955,0.44558,20.0077,2.631,11.131,0.591223
C-rg3,colorblind.io,rg3,palette (red-green),,deutan,#D86060,1,#C0D878,1,1,0.479008,0.329494,0.358955,0.44558,4.9827,0.6759,2.7655,0.138321
C-rg3,colorblind.io,rg3,palette (red-green),,protan,#D86060,1,#CCD884,1,1,0.479008,0.329494,0.361046,0.428326,17.3028,2.2841,9.697,0.466243
C-rg3,colorblind.io,rg3,palette (red-green),,deutan,#D86060,1,#CCD884,1,1,0.479008,0.329494,0.361046,0.428326,1.2452,0.1679,0.6896,0.031116
C-rg3,colorblind.io,rg3,palette (red-green),,protan,#D86060,1,#D8D860,1,1,0.479008,0.329494,0.392282,0.460549,29.6554,3.8523,16.0756,0.875102
C-rg3,colorblind.io,rg3,palette (red-green),,deutan,#D86060,1,#D8D860,1,1,0.479008,0.329494,0.392282,0.460549,16.5112,2.2377,9.0599,0.471147
C-rg3,colorblind.io,rg3,palette (red-green),,protan,#D86060,1,#D8D878,1,1,0.479008,0.329494,0.378393,0.437586,22.8178,2.9562,12.4837,0.605533
C-rg3,colorblind.io,rg3,palette (red-green),,deutan,#D86060,1,#D8D878,1,1,0.479008,0.329494,0.378393,0.437586,7.8097,1.0425,4.2649,0.19572
C-rg3,colorblind.io,rg3,palette (red-green),,protan,#D86060,1,#B4C078,1,1,0.479008,0.329494,0.357568,0.424589,16.2748,2.144,9.1161,0.426356
C-rg3,colorblind.io,rg3,palette (red-green),,deutan,#D86060,1,#B4C078,1,1,0.479008,0.329494,0.357568,0.424589,0.5037,0.0672,0.2767,0.012383
C-rg3,colorblind.io,rg3,palette (red-green),,protan,#D86060,1,#E4E4B4,1,1,0.479008,0.329494,0.344395,0.381377,3.3979,0.4957,2.1084,0.083498
C-rg3,colorblind.io,rg3,palette (red-green),,deutan,#D86060,1,#E4E4B4,1,1,0.479008,0.329494,0.344395,0.381377,16.1451,2.3043,9.4998,0.343507
C-rg3,colorblind.io,rg3,palette (red-green),,protan,#D86060,1,#A8B478,1,1,0.479008,0.329494,0.35077,0.413995,12.9014,1.7246,7.3459,0.327741
C-rg3,colorblind.io,rg3,palette (red-green),,deutan,#D86060,1,#A8B478,1,1,0.479008,0.329494,0.35077,0.413995,4.8644,0.6494,2.6842,0.115468
C-rg3,colorblind.io,rg3,palette (red-green),,protan,#D86C60,1,#789048,1,1,0.469769,0.343455,0.355434,0.459282,22.0175,2.7941,11.8644,0.573985
C-rg3,colorblind.io,rg3,palette (red-green),,deutan,#D86C60,1,#789048,1,1,0.469769,0.343455,0.355434,0.459282,6.1909,0.8,3.3012,0.166411
C-rg3,colorblind.io,rg3,palette (red-green),,protan,#D86C60,1,#90A860,1,1,0.469769,0.343455,0.350814,0.441816,16.7188,2.1655,9.2367,0.420697
C-rg3,colorblind.io,rg3,palette (red-green),,deutan,#D86C60,1,#90A860,1,1,0.469769,0.343455,0.350814,0.441816,0.6968,0.0917,0.3794,0.017313
C-rg3,colorblind.io,rg3,palette (red-green),,protan,#D86C60,1,#9CB46C,1,1,0.469769,0.343455,0.348773,0.434584,14.448,1.8927,8.0866,0.35976
C-rg3,colorblind.io,rg3,palette (red-green),,deutan,#D86C60,1,#9CB46C,1,1,0.469769,0.343455,0.348773,0.434584,1.7418,0.2314,0.9586,0.042034
C-rg3,colorblind.io,rg3,palette (red-green),,protan,#D86C60,1,#A8C078,1,1,0.469769,0.343455,0.346904,0.428161,12.4082,1.6447,7.036,0.306749
C-rg3,colorblind.io,rg3,palette (red-green),,deutan,#D86C60,1,#A8C078,1,1,0.469769,0.343455,0.346904,0.428161,3.9772,0.5338,2.2126,0.093695
C-rg3,colorblind.io,rg3,palette (red-green),,protan,#D86C60,1,#C0C060,1,1,0.469769,0.343455,0.385135,0.448734,25.9205,3.3251,14.0031,0.619399
C-rg3,colorblind.io,rg3,palette (red-green),,deutan,#D86C60,1,#C0C060,1,1,0.469769,0.343455,0.385135,0.448734,11.6099,1.5405,6.2938,0.274277
C-rg3,colorblind.io,rg3,palette (red-green),,protan,#D86C60,1,#C0D878,1,1,0.469769,0.343455,0.358955,0.44558,18.2628,2.3944,10.172,0.480152
C-rg3,colorblind.io,rg3,palette (red-green),,deutan,#D86C60,1,#C0D878,1,1,0.469769,0.343455,0.358955,0.44558,3.5391,0.4786,1.9673,0.089025
C-rg3,colorblind.io,rg3,palette (red-green),,protan,#D86C60,1,#CCD884,1,1,0.469769,0.343455,0.361046,0.428326,14.9297,1.9643,8.3832,0.355172
C-rg3,colorblind.io,rg3,palette (red-green),,deutan,#D86C60,1,#CCD884,1,1,0.469769,0.343455,0.361046,0.428326,0.8093,0.1087,0.449,0.018181
C-rg3,colorblind.io,rg3,palette (red-green),,protan,#D86C60,1,#D8D860,1,1,0.469769,0.343455,0.392282,0.460549,29.3499,3.8295,15.9717,0.764031
C-rg3,colorblind.io,rg3,palette (red-green),,deutan,#D86C60,1,#D8D860,1,1,0.469769,0.343455,0.392282,0.460549,16.4617,2.2437,9.0783,0.421851
C-rg3,colorblind.io,rg3,palette (red-green),,protan,#D86C60,1,#D8D878,1,1,0.469769,0.343455,0.378393,0.437586,21.2575,2.7488,11.647,0.494462
C-rg3,colorblind.io,rg3,palette (red-green),,deutan,#D86C60,1,#D8D878,1,1,0.469769,0.343455,0.378393,0.437586,6.5458,0.8722,3.5816,0.146423
C-rg3,colorblind.io,rg3,palette (red-green),,protan,#D86C60,1,#B4C078,1,1,0.469769,0.343455,0.357568,0.424589,13.5872,1.7852,7.6329,0.315284
C-rg3,colorblind.io,rg3,palette (red-green),,deutan,#D86C60,1,#B4C078,1,1,0.469769,0.343455,0.357568,0.424589,2.786,0.3703,1.5355,0.06168
C-rg3,colorblind.io,rg3,palette (red-green),,protan,#D86C60,1,#E4E4B4,1,1,0.469769,0.343455,0.344395,0.381377,1.2663,0.1861,0.7968,0.027573
C-rg3,colorblind.io,rg3,palette (red-green),,deutan,#D86C60,1,#E4E4B4,1,1,0.469769,0.343455,0.344395,0.381377,20.479,2.9306,12.1925,0.392803
C-rg3,colorblind.io,rg3,palette (red-green),,protan,#D86C60,1,#A8B478,1,1,0.469769,0.343455,0.35077,0.413995,9.6013,1.2815,5.4933,0.216669
C-rg3,colorblind.io,rg3,palette (red-green),,deutan,#D86C60,1,#A8B478,1,1,0.469769,0.343455,0.35077,0.413995,7.6936,1.025,4.2683,0.164764
C-rg3,colorblind.io,rg3,palette (red-green),,protan,#D87848,1,#789048,1,1,0.486441,0.382914,0.355434,0.459282,2.8394,0.3405,1.5072,0.080401
C-rg3,colorblind.io,rg3,palette (red-green),,deutan,#D87848,1,#789048,1,1,0.486441,0.382914,0.355434,0.459282,9.9974,1.2038,5.2323,0.285665
C-rg3,colorblind.io,rg3,palette (red-green),,protan,#D87848,1,#90A860,1,1,0.486441,0.382914,0.350814,0.441816,2.6415,0.3295,1.46,0.072886
C-rg3,colorblind.io,rg3,palette (red-green),,deutan,#D87848,1,#90A860,1,1,0.486441,0.382914,0.350814,0.441816,16.2855,2.0286,8.8155,0.434763
C-rg3,colorblind.io,rg3,palette (red-green),,protan,#D87848,1,#9CB46C,1,1,0.486441,0.382914,0.348773,0.434584,4.8736,0.6206,2.7494,0.133824
C-rg3,colorblind.io,rg3,palette (red-green),,deutan,#D87848,1,#9CB46C,1,1,0.486441,0.382914,0.348773,0.434584,18.9439,2.4026,10.4317,0.494109
C-rg3,colorblind.io,rg3,palette (red-green),,protan,#D87848,1,#A8C078,1,1,0.486441,0.382914,0.346904,0.428161,6.8141,0.8858,3.922,0.186834
C-rg3,colorblind.io,rg3,palette (red-green),,deutan,#D87848,1,#A8C078,1,1,0.486441,0.382914,0.346904,0.428161,21.3086,2.7515,11.9327,0.545771
C-rg3,colorblind.io,rg3,palette (red-green),,protan,#D87848,1,#C0C060,1,1,0.486441,0.382914,0.385135,0.448734,4.999,0.6008,2.6545,0.125816
C-rg3,colorblind.io,rg3,palette (red-green),,deutan,#D87848,1,#C0C060,1,1,0.486441,0.382914,0.385135,0.448734,7.3059,0.8889,3.8493,0.177799
C-rg3,colorblind.io,rg3,palette (red-green),,protan,#D87848,1,#C0D878,1,1,0.486441,0.382914,0.358955,0.44558,0.4709,0.0591,0.2614,0.013432
C-rg3,colorblind.io,rg3,palette (red-green),,deutan,#D87848,1,#C0D878,1,1,0.486441,0.382914,0.358955,0.44558,13.5675,1.72,7.4404,0.363051
C-rg3,colorblind.io,rg3,palette (red-green),,protan,#D87848,1,#CCD884,1,1,0.486441,0.382914,0.361046,0.428326,5.2985,0.6819,3.0201,0.138412
C-rg3,colorblind.io,rg3,palette (red-green),,deutan,#D87848,1,#CCD884,1,1,0.486441,0.382914,0.361046,0.428326,19.4705,2.5003,10.8395,0.470256
C-rg3,colorblind.io,rg3,palette (red-green),,protan,#D87848,1,#D8D860,1,1,0.486441,0.382914,0.392282,0.460549,10.0252,1.2019,5.2821,0.270447
C-rg3,colorblind.io,rg3,palette (red-green),,deutan,#D87848,1,#D8D860,1,1,0.486441,0.382914,0.392282,0.460549,1.1611,0.1424,0.613,0.030225
C-rg3,colorblind.io,rg3,palette (red-green),,protan,#D87848,1,#D8D878,1,1,0.486441,0.382914,0.378393,0.437586,0.0353,0.0044,0.0193,0.000879
C-rg3,colorblind.io,rg3,palette (red-green),,deutan,#D87848,1,#D8D878,1,1,0.486441,0.382914,0.378393,0.437586,13.0627,1.6251,7.0466,0.305652
C-rg3,colorblind.io,rg3,palette (red-green),,protan,#D87848,1,#B4C078,1,1,0.486441,0.382914,0.357568,0.424589,6.9495,0.8986,3.979,0.178299
C-rg3,colorblind.io,rg3,palette (red-green),,deutan,#D87848,1,#B4C078,1,1,0.486441,0.382914,0.357568,0.424589,21.4387,2.7462,11.9252,0.513755
C-rg3,colorblind.io,rg3,palette (red-green),,protan,#D87848,1,#E4E4B4,1,1,0.486441,0.382914,0.344395,0.381377,20.4288,3.1878,13.8129,0.521157
C-rg3,colorblind.io,rg3,palette (red-green),,deutan,#D87848,1,#E4E4B4,1,1,0.486441,0.382914,0.344395,0.381377,38.4106,5.6915,24.2998,0.844879
C-rg3,colorblind.io,rg3,palette (red-green),,protan,#D87848,1,#A8B478,1,1,0.486441,0.382914,0.35077,0.413995,10.9334,1.4602,6.4506,0.276914
C-rg3,colorblind.io,rg3,palette (red-green),,deutan,#D87848,1,#A8B478,1,1,0.486441,0.382914,0.35077,0.413995,26.2014,3.4245,14.867,0.61684
C-rg3,colorblind.io,rg3,palette (red-green),,protan,#E47854,1,#789048,1,1,0.485439,0.368093,0.355434,0.459282,9.0326,1.09,4.7726,0.253547
C-rg3,colorblind.io,rg3,palette (red-green),,deutan,#E47854,1,#789048,1,1,0.485439,0.368093,0.355434,0.459282,4.8984,0.5939,2.5488,0.140504
C-rg3,colorblind.io,rg3,palette (red-green),,protan,#E47854,1,#90A860,1,1,0.485439,0.368093,0.350814,0.441816,3.6679,0.4579,2.0084,0.100259
C-rg3,colorblind.io,rg3,palette (red-green),,deutan,#E47854,1,#90A860,1,1,0.485439,0.368093,0.350814,0.441816,10.834,1.353,5.8086,0.289603
C-rg3,colorblind.io,rg3,palette (red-green),,protan,#E47854,1,#9CB46C,1,1,0.485439,0.368093,0.348773,0.434584,1.4466,0.1839,0.8066,0.039322
C-rg3,colorblind.io,rg3,palette (red-green),,deutan,#E47854,1,#9CB46C,1,1,0.485439,0.368093,0.348773,0.434584,13.3817,1.6978,7.2854,0.348949
C-rg3,colorblind.io,rg3,palette (red-green),,protan,#E47854,1,#A8C078,1,1,0.485439,0.368093,0.346904,0.428161,0.5047,0.0653,0.2865,0.013689
C-rg3,colorblind.io,rg3,palette (red-green),,deutan,#E47854,1,#A8C078,1,1,0.485439,0.368093,0.346904,0.428161,15.6694,2.0199,8.6609,0.400611
C-rg3,colorblind.io,rg3,palette (red-green),,protan,#E47854,1,#C0C060,1,1,0.485439,0.368093,0.385135,0.448734,11.7472,1.4234,6.2126,0.298961
C-rg3,colorblind.io,rg3,palette (red-green),,deutan,#E47854,1,#C0C060,1,1,0.485439,0.368093,0.385135,0.448734,1.3142,0.1618,0.6909,0.032639
C-rg3,colorblind.io,rg3,palette (red-green),,protan,#E47854,1,#C0D878,1,1,0.485439,0.368093,0.358955,0.44558,5.6097,0.706,3.0909,0.159714
C-rg3,colorblind.io,rg3,palette (red-green),,deutan,#E47854,1,#C0D878,1,1,0.485439,0.368093,0.358955,0.44558,8.093,1.0332,4.412,0.217891
C-rg3,colorblind.io,rg3,palette (red-green),,protan,#E47854,1,#CCD884,1,1,0.485439,0.368093,0.361046,0.428326,1.3342,0.171,0.7501,0.034734
C-rg3,colorblind.io,rg3,palette (red-green),,deutan,#E47854,1,#CCD884,1,1,0.485439,0.368093,0.361046,0.428326,13.4013,1.7216,7.3737,0.325096
C-rg3,colorblind.io,rg3,palette (red-green),,protan,#E47854,1,#D8D860,1,1,0.485439,0.368093,0.392282,0.460549,16.1602,1.965,8.5243,0.443593
C-rg3,colorblind.io,rg3,palette (red-green),,deutan,#E47854,1,#D8D860,1,1,0.485439,0.368093,0.392282,0.460549,4.3062,0.538,2.2806,0.114935
C-rg3,colorblind.io,rg3,palette (red-green),,protan,#E47854,1,#D8D878,1,1,0.485439,0.368093,0.378393,0.437586,6.9431,0.8602,3.7656,0.174024
C-rg3,colorblind.io,rg3,palette (red-green),,deutan,#E47854,1,#D8D878,1,1,0.485439,0.368093,0.378393,0.437586,6.7531,0.8462,3.6197,0.160492
C-rg3,colorblind.io,rg3,palette (red-green),,protan,#E47854,1,#B4C078,1,1,0.485439,0.368093,0.357568,0.424589,0.2024,0.026,0.1141,0.005154
C-rg3,colorblind.io,rg3,palette (red-green),,deutan,#E47854,1,#B4C078,1,1,0.485439,0.368093,0.357568,0.424589,15.3578,1.9618,8.4218,0.368595
C-rg3,colorblind.io,rg3,palette (red-green),,protan,#E47854,1,#E4E4B4,1,1,0.485439,0.368093,0.344395,0.381377,13.965,2.1112,9.1359,0.348012
C-rg3,colorblind.io,rg3,palette (red-green),,deutan,#E47854,1,#E4E4B4,1,1,0.485439,0.368093,0.344395,0.381377,32.3371,4.6699,19.8406,0.699718
C-rg3,colorblind.io,rg3,palette (red-green),,protan,#E47854,1,#A8B478,1,1,0.485439,0.368093,0.35077,0.413995,4.1531,0.5481,2.4026,0.103769
C-rg3,colorblind.io,rg3,palette (red-green),,deutan,#E47854,1,#A8B478,1,1,0.485439,0.368093,0.35077,0.413995,20.1174,2.6063,11.2008,0.47168
C-rg3,colorblind.io,rg3,palette (red-green),,protan,#F09078,1,#789048,1,1,0.440225,0.355654,0.355434,0.459282,28.2617,3.7323,15.5279,0.553207
C-rg3,colorblind.io,rg3,palette (red-green),,deutan,#F09078,1,#789048,1,1,0.440225,0.355654,0.355434,0.459282,11.8714,1.6156,6.493,0.250051
C-rg3,colorblind.io,rg3,palette (red-green),,protan,#F09078,1,#90A860,1,1,0.440225,0.355654,0.350814,0.441816,21.7406,2.8822,12.1225,0.39992
C-rg3,colorblind.io,rg3,palette (red-green),,deutan,#F09078,1,#90A860,1,1,0.440225,0.355654,0.350814,0.441816,5.2898,0.7183,2.9192,0.100952
C-rg3,colorblind.io,rg3,palette (red-green),,protan,#F09078,1,#9CB46C,1,1,0.440225,0.355654,0.348773,0.434584,18.8111,2.5064,10.5873,0.338982
C-rg3,colorblind.io,rg3,palette (red-green),,deutan,#F09078,1,#9CB46C,1,1,0.440225,0.355654,0.348773,0.434584,2.2622,0.3078,1.2564,0.041606
C-rg3,colorblind.io,rg3,palette (red-green),,protan,#F09078,1,#A8C078,1,1,0.440225,0.355654,0.346904,0.428161,16.1153,2.1615,9.1632,0.285972
C-rg3,colorblind.io,rg3,palette (red-green),,deutan,#F09078,1,#A8C078,1,1,0.440225,0.355654,0.346904,0.428161,0.5637,0.077,0.3154,0.010056
C-rg3,colorblind.io,rg3,palette (red-green),,protan,#F09078,1,#C0C060,1,1,0.440225,0.355654,0.385135,0.448734,35.0891,4.777,19.467,0.598622
C-rg3,colorblind.io,rg3,palette (red-green),,deutan,#F09078,1,#C0C060,1,1,0.440225,0.355654,0.385135,0.448734,20.1059,2.8722,11.2816,0.357916
C-rg3,colorblind.io,rg3,palette (red-green),,protan,#F09078,1,#C0D878,1,1,0.440225,0.355654,0.358955,0.44558,24.2092,3.2611,13.6085,0.459374
C-rg3,colorblind.io,rg3,palette (red-green),,deutan,#F09078,1,#C0D878,1,1,0.440225,0.355654,0.358955,0.44558,8.9843,1.2583,5.0608,0.172664
C-rg3,colorblind.io,rg3,palette (red-green),,protan,#F09078,1,#CCD884,1,1,0.440225,0.355654,0.361046,0.428326,20.0018,2.6771,11.2761,0.334394
C-rg3,colorblind.io,rg3,palette (red-green),,deutan,#F09078,1,#CCD884,1,1,0.440225,0.355654,0.361046,0.428326,3.9206,0.5396,2.193,0.065459
C-rg3,colorblind.io,rg3,palette (red-green),,protan,#F09078,1,#D8D860,1,1,0.440225,0.355654,0.392282,0.460549,39.4265,5.5686,22.2569,0.743253
C-rg3,colorblind.io,rg3,palette (red-green),,deutan,#F09078,1,#D8D860,1,1,0.440225,0.355654,0.392282,0.460549,25.7382,3.8536,14.8413,0.50549
C-rg3,colorblind.io,rg3,palette (red-green),,protan,#F09078,1,#D8D878,1,1,0.440225,0.355654,0.378393,0.437586,29.0985,3.9138,16.1837,0.473684
C-rg3,colorblind.io,rg3,palette (red-green),,deutan,#F09078,1,#D8D878,1,1,0.440225,0.355654,0.378393,0.437586,13.886,1.9473,7.7638,0.230063
C-rg3,colorblind.io,rg3,palette (red-green),,protan,#F09078,1,#B4C078,1,1,0.440225,0.355654,0.357568,0.424589,18.0034,2.3997,10.1499,0.294507
C-rg3,colorblind.io,rg3,palette (red-green),,deutan,#F09078,1,#B4C078,1,1,0.440225,0.355654,0.357568,0.424589,1.3347,0.1813,0.7412,0.02196
C-rg3,colorblind.io,rg3,palette (red-green),,protan,#F09078,1,#E4E4B4,1,1,0.440225,0.355654,0.344395,0.381377,3.2335,0.4771,2.0474,0.048351
C-rg3,colorblind.io,rg3,palette (red-green),,deutan,#F09078,1,#E4E4B4,1,1,0.440225,0.355654,0.344395,0.381377,22.3197,3.1994,13.3585,0.309164
C-rg3,colorblind.io,rg3,palette (red-green),,protan,#F09078,1,#A8B478,1,1,0.440225,0.355654,0.35077,0.413995,12.3286,1.6579,7.0655,0.195892
C-rg3,colorblind.io,rg3,palette (red-green),,deutan,#F09078,1,#A8B478,1,1,0.440225,0.355654,0.35077,0.413995,5.1178,0.691,2.853,0.081125
C-rg3,colorblind.io,rg3,palette (red-green),,protan,#FC9C78,1,#789048,1,1,0.44358,0.366786,0.355434,0.459282,22.8865,2.9394,12.4314,0.440954
C-rg3,colorblind.io,rg3,palette (red-green),,deutan,#FC9C78,1,#789048,1,1,0.44358,0.366786,0.355434,0.459282,7.2381,0.9517,3.9039,0.149857
C-rg3,colorblind.io,rg3,palette (red-green),,protan,#FC9C78,1,#90A860,1,1,0.44358,0.366786,0.350814,0.441816,15.8612,2.0543,8.7771,0.287666
C-rg3,colorblind.io,rg3,palette (red-green),,deutan,#FC9C78,1,#90A860,1,1,0.44358,0.366786,0.350814,0.441816,0.0404,0.0053,0.022,0.000759
C-rg3,colorblind.io,rg3,palette (red-green),,protan,#FC9C78,1,#9CB46C,1,1,0.44358,0.366786,0.348773,0.434584,12.7391,1.6629,7.1318,0.226729
C-rg3,colorblind.io,rg3,palette (red-green),,deutan,#FC9C78,1,#9CB46C,1,1,0.44358,0.366786,0.348773,0.434584,3.2282,0.4268,1.7764,0.058588
C-rg3,colorblind.io,rg3,palette (red-green),,protan,#FC9C78,1,#A8C078,1,1,0.44358,0.366786,0.346904,0.428161,9.891,1.3035,5.6076,0.173718
C-rg3,colorblind.io,rg3,palette (red-green),,deutan,#FC9C78,1,#A8C078,1,1,0.44358,0.366786,0.346904,0.428161,6.2504,0.8316,3.4718,0.110249
C-rg3,colorblind.io,rg3,palette (red-green),,protan,#FC9C78,1,#C0C060,1,1,0.44358,0.366786,0.385135,0.448734,29.5278,3.8767,16.1256,0.486368
C-rg3,colorblind.io,rg3,palette (red-green),,deutan,#FC9C78,1,#C0C060,1,1,0.44358,0.366786,0.385135,0.448734,15.0249,2.053,8.2633,0.257722
C-rg3,colorblind.io,rg3,palette (red-green),,protan,#FC9C78,1,#C0D878,1,1,0.44358,0.366786,0.358955,0.44558,18.6583,2.4464,10.3844,0.347121
C-rg3,colorblind.io,rg3,palette (red-green),,deutan,#FC9C78,1,#C0D878,1,1,0.44358,0.366786,0.358955,0.44558,3.8478,0.5202,2.1366,0.072471
C-rg3,colorblind.io,rg3,palette (red-green),,protan,#FC9C78,1,#CCD884,1,1,0.44358,0.366786,0.361046,0.428326,13.5223,1.7719,7.5874,0.222141
C-rg3,colorblind.io,rg3,palette (red-green),,deutan,#FC9C78,1,#CCD884,1,1,0.44358,0.366786,0.361046,0.428326,2.1215,0.2831,1.175,0.034735
C-rg3,colorblind.io,rg3,palette (red-green),,protan,#FC9C78,1,#D8D860,1,1,0.44358,0.366786,0.392282,0.460549,34.7821,4.7205,19.2753,0.631
C-rg3,colorblind.io,rg3,palette (red-green),,deutan,#FC9C78,1,#D8D860,1,1,0.44358,0.366786,0.392282,0.460549,21.458,3.0655,12.101,0.405296
C-rg3,colorblind.io,rg3,palette (red-green),,protan,#FC9C78,1,#D8D878,1,1,0.44358,0.366786,0.378393,0.437586,22.906,2.985,12.5877,0.361431
C-rg3,colorblind.io,rg3,palette (red-green),,deutan,#FC9C78,1,#D8D878,1,1,0.44358,0.366786,0.378393,0.437586,8.1058,1.0913,4.4552,0.129869
C-rg3,colorblind.io,rg3,palette (red-green),,protan,#FC9C78,1,#B4C078,1,1,0.44358,0.366786,0.357568,0.424589,11.2995,1.4788,6.3536,0.182254
C-rg3,colorblind.io,rg3,palette (red-green),,deutan,#FC9C78,1,#B4C078,1,1,0.44358,0.366786,0.357568,0.424589,4.8328,0.6386,2.6639,0.078234
C-rg3,colorblind.io,rg3,palette (red-green),,protan,#FC9C78,1,#E4E4B4,1,1,0.44358,0.366786,0.344395,0.381377,10.5755,1.5854,6.8485,0.160604
C-rg3,colorblind.io,rg3,palette (red-green),,deutan,#FC9C78,1,#E4E4B4,1,1,0.44358,0.366786,0.344395,0.381377,29.2017,4.2053,17.7795,0.409357
C-rg3,colorblind.io,rg3,palette (red-green),,protan,#FC9C78,1,#A8B478,1,1,0.44358,0.366786,0.35077,0.413995,5.2984,0.7048,3.0453,0.083638
C-rg3,colorblind.io,rg3,palette (red-green),,deutan,#FC9C78,1,#A8B478,1,1,0.44358,0.366786,0.35077,0.413995,11.5401,1.5268,6.4227,0.181319
C-rg3,colorblind.io,rg3,palette (red-green),,protan,#FCB448,1,#789048,1,1,0.461381,0.430721,0.355434,0.459282,15.5101,1.8525,8.4171,0.321529
C-rg3,colorblind.io,rg3,palette (red-green),,deutan,#FCB448,1,#789048,1,1,0.461381,0.430721,0.355434,0.459282,25.8999,3.0835,13.8395,0.552998
C-rg3,colorblind.io,rg3,palette (red-green),,protan,#FCB448,1,#90A860,1,1,0.461381,0.430721,0.350814,0.441816,23.4653,2.9792,13.5101,0.474817
C-rg3,colorblind.io,rg3,palette (red-green),,deutan,#FCB448,1,#90A860,1,1,0.461381,0.430721,0.350814,0.441816,34.8052,4.3588,19.5452,0.702096
C-rg3,colorblind.io,rg3,palette (red-green),,protan,#FCB448,1,#9CB46C,1,1,0.461381,0.430721,0.348773,0.434584,26.4826,3.475,15.7134,0.535754
C-rg3,colorblind.io,rg3,palette (red-green),,deutan,#FCB448,1,#9CB46C,1,1,0.461381,0.430721,0.348773,0.434584,38.3292,4.9363,22.0822,0.761443
C-rg3,colorblind.io,rg3,palette (red-green),,protan,#FCB448,1,#A8C078,1,1,0.461381,0.430721,0.346904,0.428161,28.9718,3.9292,17.701,0.588765
C-rg3,colorblind.io,rg3,palette (red-green),,deutan,#FCB448,1,#A8C078,1,1,0.461381,0.430721,0.346904,0.428161,41.3297,5.4749,24.4122,0.813104
C-rg3,colorblind.io,rg3,palette (red-green),,protan,#FCB448,1,#C0C060,1,1,0.461381,0.430721,0.385135,0.448734,16.97,2.0522,9.3244,0.276115
C-rg3,colorblind.io,rg3,palette (red-green),,deutan,#FCB448,1,#C0C060,1,1,0.461381,0.430721,0.385135,0.448734,27.5733,3.3197,14.8966,0.445132
C-rg3,colorblind.io,rg3,palette (red-green),,protan,#FCB448,1,#C0D878,1,1,0.461381,0.430721,0.358955,0.44558,20.5992,2.6078,11.8345,0.415362
C-rg3,colorblind.io,rg3,palette (red-green),,deutan,#FCB448,1,#C0D878,1,1,0.461381,0.430721,0.358955,0.44558,32.0873,4.0344,18.0521,0.630384
C-rg3,colorblind.io,rg3,palette (red-green),,protan,#FCB448,1,#CCD884,1,1,0.461381,0.430721,0.361046,0.428326,28.9956,3.9386,17.7413,0.540342
C-rg3,colorblind.io,rg3,palette (red-green),,deutan,#FCB448,1,#CCD884,1,1,0.461381,0.430721,0.361046,0.428326,41.3928,5.4918,24.4821,0.73759
C-rg3,colorblind.io,rg3,palette (red-green),,protan,#FCB448,1,#D8D860,1,1,0.461381,0.430721,0.392282,0.460549,7.8107,0.9164,4.1484,0.131483
C-rg3,colorblind.io,rg3,palette (red-green),,deutan,#FCB448,1,#D8D860,1,1,0.461381,0.430721,0.392282,0.460549,17.7349,2.0987,9.359,0.297559
C-rg3,colorblind.io,rg3,palette (red-green),,protan,#FCB448,1,#D8D878,1,1,0.461381,0.430721,0.378393,0.437586,24.2209,3.1039,14.0667,0.401052
C-rg3,colorblind.io,rg3,palette (red-green),,deutan,#FCB448,1,#D8D878,1,1,0.461381,0.430721,0.378393,0.437586,35.7221,4.5108,20.2126,0.572986
C-rg3,colorblind.io,rg3,palette (red-green),,protan,#FCB448,1,#B4C078,1,1,0.461381,0.430721,0.357568,0.424589,31.123,4.2833,19.2394,0.58023
C-rg3,colorblind.io,rg3,palette (red-green),,deutan,#FCB448,1,#B4C078,1,1,0.461381,0.430721,0.357568,0.424589,43.4841,5.8186,25.9128,0.781089
C-rg3,colorblind.io,rg3,palette (red-green),,protan,#FCB448,1,#E4E4B4,1,1,0.461381,0.430721,0.344395,0.381377,45.5762,8.5672,35.5224,0.923087
C-rg3,colorblind.io,rg3,palette (red-green),,deutan,#FCB448,1,#E4E4B4,1,1,0.461381,0.430721,0.344395,0.381377,61.4668,10.695,44.5565,1.112212
C-rg3,colorblind.io,rg3,palette (red-green),,protan,#FCB448,1,#A8B478,1,1,0.461381,0.430721,0.35077,0.413995,35.7265,5.1988,23.1018,0.678845
C-rg3,colorblind.io,rg3,palette (red-green),,deutan,#FCB448,1,#A8B478,1,1,0.461381,0.430721,0.35077,0.413995,48.5496,6.798,30.0395,0.884174
C-rg3,colorblind.io,rg3,palette (red-green),,protan,#FCB484,1,#789048,1,1,0.418474,0.379636,0.355434,0.459282,28.1746,3.8053,15.7445,0.413165
C-rg3,colorblind.io,rg3,palette (red-green),,deutan,#FCB484,1,#789048,1,1,0.418474,0.379636,0.355434,0.459282,12.7045,1.7874,7.1249,0.202951
C-rg3,colorblind.io,rg3,palette (red-green),,protan,#FCB484,1,#90A860,1,1,0.418474,0.379636,0.350814,0.441816,19.456,2.5937,10.9484,0.259877
C-rg3,colorblind.io,rg3,palette (red-green),,deutan,#FCB484,1,#90A860,1,1,0.418474,0.379636,0.350814,0.441816,3.8191,0.5245,2.1375,0.053853
C-rg3,colorblind.io,rg3,palette (red-green),,protan,#FCB484,1,#9CB46C,1,1,0.418474,0.379636,0.348773,0.434584,15.368,2.0488,8.7154,0.19894
C-rg3,colorblind.io,rg3,palette (red-green),,deutan,#FCB484,1,#9CB46C,1,1,0.418474,0.379636,0.348773,0.434584,0.4079,0.0557,0.229,0.005493
C-rg3,colorblind.io,rg3,palette (red-green),,protan,#FCB484,1,#A8C078,1,1,0.418474,0.379636,0.346904,0.428161,11.5379,1.5439,6.6096,0.145929
C-rg3,colorblind.io,rg3,palette (red-green),,deutan,#FCB484,1,#A8C078,1,1,0.418474,0.379636,0.346904,0.428161,4.4041,0.6008,2.4869,0.057155
C-rg3,colorblind.io,rg3,palette (red-green),,protan,#FCB484,1,#C0C060,1,1,0.418474,0.379636,0.385135,0.448734,39.4513,5.6823,22.5534,0.458579
C-rg3,colorblind.io,rg3,palette (red-green),,deutan,#FCB484,1,#C0C060,1,1,0.418474,0.379636,0.385135,0.448734,24.9539,3.8195,14.5528,0.310817
C-rg3,colorblind.io,rg3,palette (red-green),,protan,#FCB484,1,#C0D878,1,1,0.418474,0.379636,0.358955,0.44558,23.7294,3.2249,13.4438,0.319332
C-rg3,colorblind.io,rg3,palette (red-green),,deutan,#FCB484,1,#C0D878,1,1,0.418474,0.379636,0.358955,0.44558,8.9638,1.2721,5.1062,0.125565
C-rg3,colorblind.io,rg3,palette (red-green),,protan,#FCB484,1,#CCD884,1,1,0.418474,0.379636,0.361046,0.428326,17.0966,2.2875,9.6942,0.194352
C-rg3,colorblind.io,rg3,palette (red-green),,deutan,#FCB484,1,#CCD884,1,1,0.418474,0.379636,0.361046,0.428326,1.5776,0.2174,0.8892,0.01836
C-rg3,colorblind.io,rg3,palette (red-green),,protan,#FCB484,1,#D8D860,1,1,0.418474,0.379636,0.392282,0.460549,45.8428,7.0807,27.0613,0.603211
C-rg3,colorblind.io,rg3,palette (red-green),,deutan,#FCB484,1,#D8D860,1,1,0.418474,0.379636,0.392282,0.460549,32.4027,5.3768,19.7036,0.458391
C-rg3,colorblind.io,rg3,palette (red-green),,protan,#FCB484,1,#D8D878,1,1,0.418474,0.379636,0.378393,0.437586,30.9824,4.2742,17.4866,0.333642
C-rg3,colorblind.io,rg3,palette (red-green),,deutan,#FCB484,1,#D8D878,1,1,0.418474,0.379636,0.378393,0.437586,16.2206,2.3521,9.2572,0.182964
C-rg3,colorblind.io,rg3,palette (red-green),,protan,#FCB484,1,#B4C078,1,1,0.418474,0.379636,0.357568,0.424589,13.7554,1.8317,7.8159,0.154465
C-rg3,colorblind.io,rg3,palette (red-green),,deutan,#FCB484,1,#B4C078,1,1,0.418474,0.379636,0.357568,0.424589,2.1821,0.2966,1.2239,0.025139
C-rg3,colorblind.io,rg3,palette (red-green),,protan,#FCB484,1,#E4E4B4,1,1,0.418474,0.379636,0.344395,0.381377,17.9367,2.7902,12.0925,0.188393
C-rg3,colorblind.io,rg3,palette (red-green),,deutan,#FCB484,1,#E4E4B4,1,1,0.418474,0.379636,0.344395,0.381377,36.2056,5.3802,22.8926,0.356263
C-rg3,colorblind.io,rg3,palette (red-green),,protan,#FCB484,1,#A8B478,1,1,0.418474,0.379636,0.35077,0.413995,5.0651,0.6816,2.9444,0.05585
C-rg3,colorblind.io,rg3,palette (red-green),,deutan,#FCB484,1,#A8B478,1,1,0.418474,0.379636,0.35077,0.413995,11.485,1.5497,6.4987,0.128224
C-rg3,colorblind.io,rg3,palette (red-green),,protan,#FCE448,1,#789048,1,1,0.423684,0.470263,0.355434,0.459282,41.5303,5.4995,25.267,0.505643
C-rg3,colorblind.io,rg3,palette (red-green),,deutan,#FCE448,1,#789048,1,1,0.423684,0.470263,0.355434,0.459282,50.3959,6.5816,30.0341,0.619179
C-rg3,colorblind.io,rg3,palette (red-green),,protan,#FCE448,1,#90A860,1,1,0.423684,0.470263,0.350814,0.441816,52.419,8.0064,35.5976,0.65893
C-rg3,colorblind.io,rg3,palette (red-green),,deutan,#FCE448,1,#90A860,1,1,0.423684,0.470263,0.350814,0.441816,62.1803,9.2188,40.9098,0.768277
C-rg3,colorblind.io,rg3,palette (red-green),,protan,#FCE448,1,#9CB46C,1,1,0.423684,0.470263,0.348773,0.434584,55.849,9.1327,39.7422,0.719868
C-rg3,colorblind.io,rg3,palette (red-green),,deutan,#FCE448,1,#9CB46C,1,1,0.423684,0.470263,0.348773,0.434584,66.1031,10.4187,45.3595,0.827623
C-rg3,colorblind.io,rg3,palette (red-green),,protan,#FCE448,1,#A8C078,1,1,0.423684,0.470263,0.346904,0.428161,58.3823,10.1749,43.2762,0.772878
C-rg3,colorblind.io,rg3,palette (red-green),,deutan,#FCE448,1,#A8C078,1,1,0.423684,0.470263,0.346904,0.428161,69.1451,11.5383,49.2125,0.879285
C-rg3,colorblind.io,rg3,palette (red-green),,protan,#FCE448,1,#C0C060,1,1,0.423684,0.470263,0.385135,0.448734,60.9405,10.4805,44.4826,0.460228
C-rg3,colorblind.io,rg3,palette (red-green),,deutan,#FCE448,1,#C0C060,1,1,0.423684,0.470263,0.385135,0.448734,70.2805,11.6216,49.5013,0.511313
C-rg3,colorblind.io,rg3,palette (red-green),,protan,#FCE448,1,#C0D878,1,1,0.423684,0.470263,0.358955,0.44558,51.2934,7.8444,34.9333,0.599476
C-rg3,colorblind.io,rg3,palette (red-green),,deutan,#FCE448,1,#C0D878,1,1,0.423684,0.470263,0.358955,0.44558,61.4986,9.129,40.5417,0.696565
C-rg3,colorblind.io,rg3,palette (red-green),,protan,#FCE448,1,#CCD884,1,1,0.423684,0.470263,0.361046,0.428326,63.168,12.2589,49.6528,0.724456
C-rg3,colorblind.io,rg3,palette (red-green),,deutan,#FCE448,1,#CCD884,1,1,0.423684,0.470263,0.361046,0.428326,74.147,13.6492,55.7025,0.80377
C-rg3,colorblind.io,rg3,palette (red-green),,protan,#FCE448,1,#D8D860,1,1,0.423684,0.470263,0.392282,0.460549,49.5359,7.0915,32.0243,0.315597
C-rg3,colorblind.io,rg3,palette (red-green),,deutan,#FCE448,1,#D8D860,1,1,0.423684,0.470263,0.392282,0.460549,58.4502,8.1758,36.8025,0.363739
C-rg3,colorblind.io,rg3,palette (red-green),,protan,#FCE448,1,#D8D878,1,1,0.423684,0.470263,0.378393,0.437586,66.2922,13.3582,52.8009,0.585165
C-rg3,colorblind.io,rg3,palette (red-green),,deutan,#FCE448,1,#D8D878,1,1,0.423684,0.470263,0.378393,0.437586,76.5217,14.6284,58.358,0.639166
C-rg3,colorblind.io,rg3,palette (red-green),,protan,#FCE448,1,#B4C078,1,1,0.423684,0.470263,0.357568,0.424589,64.3142,12.6902,50.8977,0.764343
C-rg3,colorblind.io,rg3,palette (red-green),,deutan,#FCE448,1,#B4C078,1,1,0.423684,0.470263,0.357568,0.424589,75.087,14.0464,56.8082,0.847269
C-rg3,colorblind.io,rg3,palette (red-green),,protan,#FCE448,1,#E4E4B4,1,1,0.423684,0.470263,0.344395,0.381377,73.187,24.5299,71.1877,1.107201
C-rg3,colorblind.io,rg3,palette (red-green),,deutan,#FCE448,1,#E4E4B4,1,1,0.423684,0.470263,0.344395,0.381377,87.3108,26.4148,79.2377,1.178393
C-rg3,colorblind.io,rg3,palette (red-green),,protan,#FCE448,1,#A8B478,1,1,0.423684,0.470263,0.35077,0.413995,66.9367,14.3432,55.1009,0.862958
C-rg3,colorblind.io,rg3,palette (red-green),,deutan,#FCE448,1,#A8B478,1,1,0.423684,0.470263,0.35077,0.413995,77.9957,15.7403,61.181,0.950354
C-rg3,colorblind.io,rg3,palette (red-green),,protan,#F09084,1,#789048,1,1,0.427432,0.342621,0.355434,0.459282,37.7749,5.2996,21.2898,0.702753
C-rg3,colorblind.io,rg3,palette (red-green),,deutan,#F09084,1,#789048,1,1,0.427432,0.342621,0.355434,0.459282,20.0415,2.9358,11.2969,0.407977
C-rg3,colorblind.io,rg3,palette (red-green),,protan,#F09084,1,#90A860,1,1,0.427432,0.342621,0.350814,0.441816,31.7252,4.4231,18.0132,0.549465
C-rg3,colorblind.io,rg3,palette (red-green),,deutan,#F09084,1,#90A860,1,1,0.427432,0.342621,0.350814,0.441816,14.1464,2.0484,7.9957,0.258879
C-rg3,colorblind.io,rg3,palette (red-green),,protan,#F09084,1,#9CB46C,1,1,0.427432,0.342621,0.348773,0.434584,28.941,4.0336,16.5209,0.488528
C-rg3,colorblind.io,rg3,palette (red-green),,deutan,#F09084,1,#9CB46C,1,1,0.427432,0.342621,0.348773,0.434584,11.3644,1.6407,6.4421,0.199532
C-rg3,colorblind.io,rg3,palette (red-green),,protan,#F09084,1,#A8C078,1,1,0.427432,0.342621,0.346904,0.428161,26.3362,3.6752,15.1283,0.435517
C-rg3,colorblind.io,rg3,palette (red-green),,deutan,#F09084,1,#A8C078,1,1,0.427432,0.342621,0.346904,0.428161,8.723,1.2578,4.9635,0.147871
C-rg3,colorblind.io,rg3,palette (red-green),,protan,#F09084,1,#C0C060,1,1,0.427432,0.342621,0.385135,0.448734,45.4361,6.7278,26.1355,0.748167
C-rg3,colorblind.io,rg3,palette (red-green),,deutan,#F09084,1,#C0C060,1,1,0.427432,0.342621,0.385135,0.448734,29.4186,4.6454,17.2485,0.515843
C-rg3,colorblind.io,rg3,palette (red-green),,protan,#F09084,1,#C0D878,1,1,0.427432,0.342621,0.358955,0.44558,33.9186,4.8407,19.487,0.60892
C-rg3,colorblind.io,rg3,palette (red-green),,deutan,#F09084,1,#C0D878,1,1,0.427432,0.342621,0.358955,0.44558,17.8304,2.6836,10.3362,0.330591
C-rg3,colorblind.io,rg3,palette (red-green),,protan,#F09084,1,#CCD884,1,1,0.427432,0.342621,0.361046,0.428326,30.8606,4.3413,17.665,0.48394
C-rg3,colorblind.io,rg3,palette (red-green),,deutan,#F09084,1,#CCD884,1,1,0.427432,0.342621,0.361046,0.428326,13.9632,2.0525,7.9966,0.223385
C-rg3,colorblind.io,rg3,palette (red-green),,protan,#F09084,1,#D8D860,1,1,0.427432,0.342621,0.392282,0.460549,48.7153,7.5536,28.6515,0.892799
C-rg3,colorblind.io,rg3,palette (red-green),,deutan,#F09084,1,#D8D860,1,1,0.427432,0.342621,0.392282,0.460549,34.0875,5.6858,20.6234,0.663417
C-rg3,colorblind.io,rg3,palette (red-green),,protan,#F09084,1,#D8D878,1,1,0.427432,0.342621,0.378393,0.437586,40.0469,5.7956,22.9365,0.62323
C-rg3,colorblind.io,rg3,palette (red-green),,deutan,#F09084,1,#D8D878,1,1,0.427432,0.342621,0.378393,0.437586,23.9748,3.6784,13.9247,0.387989
C-rg3,colorblind.io,rg3,palette (red-green),,protan,#F09084,1,#B4C078,1,1,0.427432,0.342621,0.357568,0.424589,29.0661,4.0496,16.5838,0.444052
C-rg3,colorblind.io,rg3,palette (red-green),,deutan,#F09084,1,#B4C078,1,1,0.427432,0.342621,0.357568,0.424589,11.4646,1.6543,6.4948,0.179886
C-rg3,colorblind.io,rg3,palette (red-green),,protan,#F09084,1,#E4E4B4,1,1,0.427432,0.342621,0.344395,0.381377,7.6411,1.1161,4.7144,0.101194
C-rg3,colorblind.io,rg3,palette (red-green),,deutan,#F09084,1,#E4E4B4,1,1,0.427432,0.342621,0.344395,0.381377,12.05,1.7395,7.0891,0.151237
C-rg3,colorblind.io,rg3,palette (red-green),,protan,#F09084,1,#A8B478,1,1,0.427432,0.342621,0.35077,0.413995,23.5538,3.2667,13.5405,0.345437
C-rg3,colorblind.io,rg3,palette (red-green),,deutan,#F09084,1,#A8B478,1,1,0.427432,0.342621,0.35077,0.413995,5.1424,0.7275,2.8975,0.076802
C-rg3,colorblind.io,rg3,palette (red-green),,protan,#FC9C84,1,#789048,1,1,0.431929,0.35461,0.355434,0.459282,32.1663,4.3465,17.8438,0.587132
C-rg3,colorblind.io,rg3,palette (red-green),,deutan,#FC9C84,1,#789048,1,1,0.431929,0.35461,0.355434,0.459282,15.2286,2.1316,8.4254,0.303208
C-rg3,colorblind.io,rg3,palette (red-green),,protan,#FC9C84,1,#90A860,1,1,0.431929,0.35461,0.350814,0.441816,25.5141,3.438,14.3013,0.433845
C-rg3,colorblind.io,rg3,palette (red-green),,deutan,#FC9C84,1,#90A860,1,1,0.431929,0.35461,0.350814,0.441816,8.6032,1.1928,4.781,0.154109
C-rg3,colorblind.io,rg3,palette (red-green),,protan,#FC9C84,1,#9CB46C,1,1,0.431929,0.35461,0.348773,0.434584,22.4706,3.0341,12.6884,0.372907
C-rg3,colorblind.io,rg3,palette (red-green),,deutan,#FC9C84,1,#9CB46C,1,1,0.431929,0.35461,0.348773,0.434584,5.5068,0.7626,3.0737,0.094763
C-rg3,colorblind.io,rg3,palette (red-green),,protan,#FC9C84,1,#A8C078,1,1,0.431929,0.35461,0.346904,0.428161,19.6399,2.6623,11.1842,0.319897
C-rg3,colorblind.io,rg3,palette (red-green),,deutan,#FC9C84,1,#A8C078,1,1,0.431929,0.35461,0.346904,0.428161,2.5899,0.359,1.4535,0.043101
C-rg3,colorblind.io,rg3,palette (red-green),,protan,#FC9C84,1,#C0C060,1,1,0.431929,0.35461,0.385135,0.448734,39.9969,5.6424,22.5277,0.632547
C-rg3,colorblind.io,rg3,palette (red-green),,deutan,#FC9C84,1,#C0C060,1,1,0.431929,0.35461,0.385135,0.448734,24.4945,3.6517,14.0007,0.411073
C-rg3,colorblind.io,rg3,palette (red-green),,protan,#FC9C84,1,#C0D878,1,1,0.431929,0.35461,0.358955,0.44558,28.1603,3.8672,15.9299,0.493299
C-rg3,colorblind.io,rg3,palette (red-green),,deutan,#FC9C84,1,#C0D878,1,1,0.431929,0.35461,0.358955,0.44558,12.5104,1.7948,7.1064,0.225821
C-rg3,colorblind.io,rg3,palette (red-green),,protan,#FC9C84,1,#CCD884,1,1,0.431929,0.35461,0.361046,0.428326,24.0691,3.2696,13.6145,0.368319
C-rg3,colorblind.io,rg3,palette (red-green),,deutan,#FC9C84,1,#CCD884,1,1,0.431929,0.35461,0.361046,0.428326,7.6296,1.0711,4.2926,0.118616
C-rg3,colorblind.io,rg3,palette (red-green),,protan,#FC9C84,1,#D8D860,1,1,0.431929,0.35461,0.392282,0.460549,44.225,6.5202,25.4366,0.777178
C-rg3,colorblind.io,rg3,palette (red-green),,deutan,#FC9C84,1,#D8D860,1,1,0.431929,0.35461,0.392282,0.460549,29.992,4.7202,17.6781,0.558647
C-rg3,colorblind.io,rg3,palette (red-green),,protan,#FC9C84,1,#D8D878,1,1,0.431929,0.35461,0.378393,0.437586,33.8947,4.6858,19.0477,0.507609
C-rg3,colorblind.io,rg3,palette (red-green),,deutan,#FC9C84,1,#D8D878,1,1,0.431929,0.35461,0.378393,0.437586,18.2589,2.6491,10.3497,0.28322
C-rg3,colorblind.io,rg3,palette (red-green),,protan,#FC9C84,1,#B4C078,1,1,0.431929,0.35461,0.357568,0.424589,21.9497,2.9627,12.4027,0.328432
C-rg3,colorblind.io,rg3,palette (red-green),,deutan,#FC9C84,1,#B4C078,1,1,0.431929,0.35461,0.357568,0.424589,4.9102,0.6788,2.7394,0.075117
C-rg3,colorblind.io,rg3,palette (red-green),,protan,#FC9C84,1,#E4E4B4,1,1,0.431929,0.35461,0.344395,0.381377,1.0759,0.1581,0.6767,0.014426
C-rg3,colorblind.io,rg3,palette (red-green),,deutan,#FC9C84,1,#E4E4B4,1,1,0.431929,0.35461,0.344395,0.381377,20.2989,2.9053,12.082,0.256007
C-rg3,colorblind.io,rg3,palette (red-green),,protan,#FC9C84,1,#A8B478,1,1,0.431929,0.35461,0.35077,0.413995,15.8715,2.1496,9.0895,0.229817
C-rg3,colorblind.io,rg3,palette (red-green),,deutan,#FC9C84,1,#A8B478,1,1,0.431929,0.35461,0.35077,0.413995,1.9063,0.2603,1.0641,0.027968
C-rg3,colorblind.io,rg3,palette (red-green),,protan,#E49C84,1,#789048,1,1,0.409349,0.357283,0.355434,0.459282,40.8434,6.0395,23.6894,0.626012
C-rg3,colorblind.io,rg3,palette (red-green),,deutan,#E49C84,1,#789048,1,1,0.409349,0.357283,0.355434,0.459282,23.854,3.7448,13.9935,0.403219
C-rg3,colorblind.io,rg3,palette (red-green),,protan,#E49C84,1,#90A860,1,1,0.409349,0.357283,0.350814,0.441816,34.066,4.9191,19.7276,0.472724
C-rg3,colorblind.io,rg3,palette (red-green),,deutan,#E49C84,1,#90A860,1,1,0.409349,0.357283,0.350814,0.441816,17.1197,2.6034,9.9636,0.254121
C-rg3,colorblind.io,rg3,palette (red-green),,protan,#E49C84,1,#9CB46C,1,1,0.409349,0.357283,0.348773,0.434584,30.8066,4.414,17.8692,0.411787
C-rg3,colorblind.io,rg3,palette (red-green),,deutan,#E49C84,1,#9CB46C,1,1,0.409349,0.357283,0.348773,0.434584,13.8136,2.076,8.0255,0.194775
C-rg3,colorblind.io,rg3,palette (red-green),,protan,#E49C84,1,#A8C078,1,1,0.409349,0.357283,0.346904,0.428161,27.6788,3.9454,16.1056,0.358776
C-rg3,colorblind.io,rg3,palette (red-green),,deutan,#E49C84,1,#A8C078,1,1,0.409349,0.357283,0.346904,0.428161,10.6046,1.5793,6.1595,0.143113
C-rg3,colorblind.io,rg3,palette (red-green),,protan,#E49C84,1,#C0C060,1,1,0.409349,0.357283,0.385135,0.448734,51.8464,8.509,31.3096,0.671426
C-rg3,colorblind.io,rg3,palette (red-green),,deutan,#E49C84,1,#C0C060,1,1,0.409349,0.357283,0.385135,0.448734,36.3203,6.4679,22.6049,0.511085
C-rg3,colorblind.io,rg3,palette (red-green),,protan,#E49C84,1,#C0D878,1,1,0.409349,0.357283,0.358955,0.44558,37.3995,5.5834,21.9852,0.532179
C-rg3,colorblind.io,rg3,palette (red-green),,deutan,#E49C84,1,#C0D878,1,1,0.409349,0.357283,0.358955,0.44558,21.7399,3.4635,12.9971,0.325833
C-rg3,colorblind.io,rg3,palette (red-green),,protan,#E49C84,1,#CCD884,1,1,0.409349,0.357283,0.361046,0.428326,33.9629,4.9432,19.7785,0.407199
C-rg3,colorblind.io,rg3,palette (red-green),,deutan,#E49C84,1,#CCD884,1,1,0.409349,0.357283,0.361046,0.428326,17.5065,2.6946,10.2835,0.218627
C-rg3,colorblind.io,rg3,palette (red-green),,protan,#E49C84,1,#D8D860,1,1,0.409349,0.357283,0.392282,0.460549,55.5455,9.7965,34.6457,0.816058
C-rg3,colorblind.io,rg3,palette (red-green),,deutan,#E49C84,1,#D8D860,1,1,0.409349,0.357283,0.392282,0.460549,41.3039,7.9586,26.7522,0.658659
C-rg3,colorblind.io,rg3,palette (red-green),,protan,#E49C84,1,#D8D878,1,1,0.409349,0.357283,0.378393,0.437586,45.8559,7.1569,27.2215,0.546489
C-rg3,colorblind.io,rg3,palette (red-green),,deutan,#E49C84,1,#D8D878,1,1,0.409349,0.357283,0.378393,0.437586,30.2034,5.0755,18.3671,0.383232
C-rg3,colorblind.io,rg3,palette (red-green),,protan,#E49C84,1,#B4C078,1,1,0.409349,0.357283,0.357568,0.424589,31.3941,4.4975,18.1848,0.367312
C-rg3,colorblind.io,rg3,palette (red-green),,deutan,#E49C84,1,#B4C078,1,1,0.409349,0.357283,0.357568,0.424589,14.3264,2.1525,8.3112,0.175129
C-rg3,colorblind.io,rg3,palette (red-green),,protan,#E49C84,1,#E4E4B4,1,1,0.409349,0.357283,0.344395,0.381377,2.5164,0.3711,1.5808,0.024454
C-rg3,colorblind.io,rg3,palette (red-green),,deutan,#E49C84,1,#E4E4B4,1,1,0.409349,0.357283,0.344395,0.381377,16.7313,2.4358,10.0225,0.155995
C-rg3,colorblind.io,rg3,palette (red-green),,protan,#E49C84,1,#A8B478,1,1,0.409349,0.357283,0.35077,0.413995,24.0641,3.3876,13.98,0.268697
C-rg3,colorblind.io,rg3,palette (red-green),,deutan,#E49C84,1,#A8B478,1,1,0.409349,0.357283,0.35077,0.413995,6.2491,0.9074,3.5863,0.072044
C-tri0,colorblind.io,tri0,palette (tritan),,tritan,#6E6EC0,1,#8A7A32,1,1,0.233781,0.198496,0.415019,0.450405,12.9938,48.28,17.5737,0.192833
C-tri0,colorblind.io,tri0,palette (tritan),,tritan,#6E6EC0,1,#968838,1,1,0.233781,0.198496,0.411038,0.453493,11.7894,46.7248,16.2934,0.182299
C-tri0,colorblind.io,tri0,palette (tritan),,tritan,#6E6EC0,1,#7E702A,1,1,0.233781,0.198496,0.416864,0.455547,13.2932,47.8302,17.5604,0.191178
C-tri0,colorblind.io,tri0,palette (tritan),,tritan,#6E6EC0,1,#928234,1,1,0.233781,0.198496,0.415274,0.453188,12.436,47.8523,17.0904,0.190535
C-tri0,colorblind.io,tri0,palette (tritan),,tritan,#6E6EC0,1,#867630,1,1,0.233781,0.198496,0.415775,0.450213,13.2771,48.4979,17.8203,0.194454
C-tri0,colorblind.io,tri0,palette (tritan),,tritan,#6E6EC0,1,#8E7E38,1,1,0.233781,0.198496,0.410788,0.445386,12.7936,48.1245,17.3992,0.189845
C-tri0,colorblind.io,tri0,palette (tritan),,tritan,#6E6EC0,1,#A08C3C,1,1,0.233781,0.198496,0.416048,0.447475,12.4659,49.0436,17.5855,0.197754
C-tri0,colorblind.io,tri0,palette (tritan),,tritan,#6E6EC0,1,#B49840,1,1,0.233781,0.198496,0.424313,0.445599,12.7378,51.2428,18.6801,0.215549
C-tri0,colorblind.io,tri0,palette (tritan),,tritan,#6E6EC0,1,#7A6C28,1,1,0.233781,0.198496,0.417733,0.455476,13.5952,48.0543,17.8173,0.19287
C-tri0,colorblind.io,tri0,palette (tritan),,tritan,#6E6EC0,1,#9C8A30,1,1,0.233781,0.198496,0.422143,0.460608,12.1358,48.2289,17.0694,0.195985
C-tri0,colorblind.io,tri0,palette (tritan),,tritan,#6E6EC0,1,#A89440,1,1,0.233781,0.198496,0.414765,0.447915,12.0053,48.657,17.1657,0.194864
C-tri0,colorblind.io,tri0,palette (tritan),,tritan,#6E6EC0,1,#887430,1,1,0.233781,0.198496,0.420813,0.445819,14.1657,50.4343,19.1387,0.208585
C-tri0,colorblind.io,tri0,palette (tritan),,tritan,#6464B6,1,#8A7A32,1,1,0.229104,0.190764,0.415019,0.450405,12.6125,47.8071,17.1898,0.202451
C-tri0,colorblind.io,tri0,palette (tritan),,tritan,#6464B6,1,#968838,1,1,0.229104,0.190764,0.411038,0.453493,11.4443,46.3281,15.9646,0.191917
C-tri0,colorblind.io,tri0,palette (tritan),,tritan,#6464B6,1,#7E702A,1,1,0.229104,0.190764,0.416864,0.455547,12.9488,47.3819,17.2102,0.200795
C-tri0,colorblind.io,tri0,palette (tritan),,tritan,#6464B6,1,#928234,1,1,0.229104,0.190764,0.415274,0.453188,12.058,47.4013,16.7181,0.200153
C-tri0,colorblind.io,tri0,palette (tritan),,tritan,#6464B6,1,#867630,1,1,0.229104,0.190764,0.415775,0.450213,12.8955,48.015,17.4316,0.204072
C-tri0,colorblind.io,tri0,palette (tritan),,tritan,#6464B6,1,#8E7E38,1,1,0.229104,0.190764,0.410788,0.445386,12.4135,47.6547,17.0177,0.199463
C-tri0,colorblind.io,tri0,palette (tritan),,tritan,#6464B6,1,#A08C3C,1,1,0.229104,0.190764,0.416048,0.447475,12.0422,48.5342,17.1564,0.207372
C-tri0,colorblind.io,tri0,palette (tritan),,tritan,#6464B6,1,#B49840,1,1,0.229104,0.190764,0.424313,0.445599,12.241,50.6422,18.1518,0.225167
C-tri0,colorblind.io,tri0,palette (tritan),,tritan,#6464B6,1,#7A6C28,1,1,0.229104,0.190764,0.417733,0.455476,13.2548,47.5957,17.4647,0.202488
C-tri0,colorblind.io,tri0,palette (tritan),,tritan,#6464B6,1,#9C8A30,1,1,0.229104,0.190764,0.422143,0.460608,11.7368,47.7661,16.6775,0.205602
C-tri0,colorblind.io,tri0,palette (tritan),,tritan,#6464B6,1,#A89440,1,1,0.229104,0.190764,0.414765,0.447915,11.5947,48.165,16.7525,0.204482
C-tri0,colorblind.io,tri0,palette (tritan),,tritan,#6464B6,1,#887430,1,1,0.229104,0.190764,0.420813,0.445819,13.7166,49.8652,18.6638,0.218203
C-tri0,colorblind.io,tri0,palette (tritan),,tritan,#7676C8,1,#8A7A32,1,1,0.237199,0.204148,0.415019,0.450405,13.2704,48.6375,17.859,0.186233
C-tri0,colorblind.io,tri0,palette (tritan),,tritan,#7676C8,1,#968838,1,1,0.237199,0.204148,0.411038,0.453493,12.043,47.0257,16.539,0.175699
C-tri0,colorblind.io,tri0,palette (tritan),,tritan,#7676C8,1,#7E702A,1,1,0.237199,0.204148,0.416864,0.455547,13.5378,48.1692,17.8179,0.184577
C-tri0,colorblind.io,tri0,palette (tritan),,tritan,#7676C8,1,#928234,1,1,0.237199,0.204148,0.415274,0.453188,12.713,48.1935,17.3683,0.183935
C-tri0,colorblind.io,tri0,palette (tritan),,tritan,#7676C8,1,#867630,1,1,0.237199,0.204148,0.415775,0.450213,13.5524,48.8628,18.1085,0.187854
C-tri0,colorblind.io,tri0,palette (tritan),,tritan,#7676C8,1,#8E7E38,1,1,0.237199,0.204148,0.410788,0.445386,13.071,48.4801,17.6837,0.183244
C-tri0,colorblind.io,tri0,palette (tritan),,tritan,#7676C8,1,#A08C3C,1,1,0.237199,0.204148,0.416048,0.447475,12.7821,49.4282,17.9094,0.191153
C-tri0,colorblind.io,tri0,palette (tritan),,tritan,#7676C8,1,#B49840,1,1,0.237199,0.204148,0.424313,0.445599,13.1158,51.6936,19.083,0.208948
C-tri0,colorblind.io,tri0,palette (tritan),,tritan,#7676C8,1,#7A6C28,1,1,0.237199,0.204148,0.417733,0.455476,13.8352,48.401,18.0759,0.18627
C-tri0,colorblind.io,tri0,palette (tritan),,tritan,#7676C8,1,#9C8A30,1,1,0.237199,0.204148,0.422143,0.460608,12.4318,48.5781,17.3636,0.189384
C-tri0,colorblind.io,tri0,palette (tritan),,tritan,#7676C8,1,#A89440,1,1,0.237199,0.204148,0.414765,0.447915,12.3142,49.0287,17.4789,0.188264
C-tri0,colorblind.io,tri0,palette (tritan),,tritan,#7676C8,1,#887430,1,1,0.237199,0.204148,0.420813,0.445819,14.492,50.8624,19.4925,0.201985
C-tri0,colorblind.io,tri0,palette (tritan),,tritan,#5C5CAE,1,#8A7A32,1,1,0.225003,0.183984,0.415019,0.450405,12.2781,47.4071,16.8603,0.211501
C-tri0,colorblind.io,tri0,palette (tritan),,tritan,#5C5CAE,1,#968838,1,1,0.225003,0.183984,0.411038,0.453493,11.1458,45.9937,15.6841,0.200967
C-tri0,colorblind.io,tri0,palette (tritan),,tritan,#5C5CAE,1,#7E702A,1,1,0.225003,0.183984,0.416864,0.455547,12.64,47.0028,16.906,0.209846
C-tri0,colorblind.io,tri0,palette (tritan),,tritan,#5C5CAE,1,#928234,1,1,0.225003,0.183984,0.415274,0.453188,11.73,47.02,16.4002,0.209203
C-tri0,colorblind.io,tri0,palette (tritan),,tritan,#5C5CAE,1,#867630,1,1,0.225003,0.183984,0.415775,0.450213,12.5589,47.6063,17.097,0.213122
C-tri0,colorblind.io,tri0,palette (tritan),,tritan,#5C5CAE,1,#8E7E38,1,1,0.225003,0.183984,0.410788,0.445386,12.0821,47.2578,16.6914,0.208513
C-tri0,colorblind.io,tri0,palette (tritan),,tritan,#5C5CAE,1,#A08C3C,1,1,0.225003,0.183984,0.416048,0.447475,11.6815,48.1026,16.7941,0.216422
C-tri0,colorblind.io,tri0,palette (tritan),,tritan,#5C5CAE,1,#B49840,1,1,0.225003,0.183984,0.424313,0.445599,11.826,50.1305,17.7101,0.234217
C-tri0,colorblind.io,tri0,palette (tritan),,tritan,#5C5CAE,1,#7A6C28,1,1,0.225003,0.183984,0.417733,0.455476,12.9477,47.2076,17.1575,0.211538
C-tri0,colorblind.io,tri0,palette (tritan),,tritan,#5C5CAE,1,#9C8A30,1,1,0.225003,0.183984,0.422143,0.460608,11.3951,47.374,16.345,0.214653
C-tri0,colorblind.io,tri0,palette (tritan),,tritan,#5C5CAE,1,#A89440,1,1,0.225003,0.183984,0.414765,0.447915,11.2477,47.7487,16.4051,0.213532
C-tri0,colorblind.io,tri0,palette (tritan),,tritan,#5C5CAE,1,#887430,1,1,0.225003,0.183984,0.420813,0.445819,13.3234,49.3814,18.2569,0.227253
C-tri0,colorblind.io,tri0,palette (tritan),,tritan,#7C7CCC,1,#8A7A32,1,1,0.240907,0.210278,0.415019,0.450405,13.4136,49.0371,18.0873,0.179447
C-tri0,colorblind.io,tri0,palette (tritan),,tritan,#7C7CCC,1,#968838,1,1,0.240907,0.210278,0.411038,0.453493,12.1722,47.3631,16.7288,0.168913
C-tri0,colorblind.io,tri0,palette (tritan),,tritan,#7C7CCC,1,#7E702A,1,1,0.240907,0.210278,0.416864,0.455547,13.6461,48.5482,18.0163,0.177791
C-tri0,colorblind.io,tri0,palette (tritan),,tritan,#7C7CCC,1,#928234,1,1,0.240907,0.210278,0.415274,0.453188,12.8602,48.5751,17.5897,0.177149
C-tri0,colorblind.io,tri0,palette (tritan),,tritan,#7C7CCC,1,#867630,1,1,0.240907,0.210278,0.415775,0.450213,13.6925,49.2705,18.3393,0.181068
C-tri0,colorblind.io,tri0,palette (tritan),,tritan,#7C7CCC,1,#8E7E38,1,1,0.240907,0.210278,0.410788,0.445386,13.2183,48.8781,17.9129,0.176458
C-tri0,colorblind.io,tri0,palette (tritan),,tritan,#7C7CCC,1,#A08C3C,1,1,0.240907,0.210278,0.416048,0.447475,12.9735,49.8575,18.1815,0.184367
C-tri0,colorblind.io,tri0,palette (tritan),,tritan,#7C7CCC,1,#B49840,1,1,0.240907,0.210278,0.424313,0.445599,13.3742,52.1945,19.4406,0.202162
C-tri0,colorblind.io,tri0,palette (tritan),,tritan,#7C7CCC,1,#7A6C28,1,1,0.240907,0.210278,0.417733,0.455476,13.9381,48.7883,18.2757,0.179484
C-tri0,colorblind.io,tri0,palette (tritan),,tritan,#7C7CCC,1,#9C8A30,1,1,0.240907,0.210278,0.422143,0.460608,12.5999,48.968,17.602,0.182598
C-tri0,colorblind.io,tri0,palette (tritan),,tritan,#7C7CCC,1,#A89440,1,1,0.240907,0.210278,0.414765,0.447915,12.5042,49.444,17.7425,0.181478
C-tri0,colorblind.io,tri0,palette (tritan),,tritan,#7C7CCC,1,#887430,1,1,0.240907,0.210278,0.420813,0.445819,14.6787,51.3389,19.7907,0.195199
C-tri0,colorblind.io,tri0,palette (tritan),,tritan,#7272BE,1,#8A7A32,1,1,0.239634,0.208173,0.415019,0.450405,12.9869,48.8985,17.7967,0.181735
C-tri0,colorblind.io,tri0,palette (tritan),,tritan,#7272BE,1,#968838,1,1,0.239634,0.208173,0.411038,0.453493,11.7741,47.2459,16.4641,0.171201
C-tri0,colorblind.io,tri0,palette (tritan),,tritan,#7272BE,1,#7E702A,1,1,0.239634,0.208173,0.416864,0.455547,13.2381,48.4167,17.7418,0.180079
C-tri0,colorblind.io,tri0,palette (tritan),,tritan,#7272BE,1,#928234,1,1,0.239634,0.208173,0.415274,0.453188,12.4379,48.4427,17.3038,0.179437
C-tri0,colorblind.io,tri0,palette (tritan),,tritan,#7272BE,1,#867630,1,1,0.239634,0.208173,0.415775,0.450213,13.2643,49.129,18.047,0.183356
C-tri0,colorblind.io,tri0,palette (tritan),,tritan,#7272BE,1,#8E7E38,1,1,0.239634,0.208173,0.410788,0.445386,12.7961,48.7399,17.625,0.178747
C-tri0,colorblind.io,tri0,palette (tritan),,tritan,#7272BE,1,#A08C3C,1,1,0.239634,0.208173,0.416048,0.447475,12.5296,49.7086,17.8719,0.186656
C-tri0,colorblind.io,tri0,palette (tritan),,tritan,#7272BE,1,#B49840,1,1,0.239634,0.208173,0.424313,0.445599,12.8922,52.0211,19.0882,0.204451
C-tri0,colorblind.io,tri0,palette (tritan),,tritan,#7272BE,1,#7A6C28,1,1,0.239634,0.208173,0.417733,0.455476,13.532,48.6539,18.0013,0.181772
C-tri0,colorblind.io,tri0,palette (tritan),,tritan,#7272BE,1,#9C8A30,1,1,0.239634,0.208173,0.422143,0.460608,12.1651,48.8328,17.3054,0.184886
C-tri0,colorblind.io,tri0,palette (tritan),,tritan,#7272BE,1,#A89440,1,1,0.239634,0.208173,0.414765,0.447915,12.0737,49.2999,17.4424,0.183766
C-tri0,colorblind.io,tri0,palette (tritan),,tritan,#7272BE,1,#887430,1,1,0.239634,0.208173,0.420813,0.445819,14.2084,51.1739,19.4592,0.197487
C-tri0,colorblind.io,tri0,palette (tritan),,tritan,#5858A8,1,#8A7A32,1,1,0.224223,0.182694,0.415019,0.450405,12.0412,47.3325,16.7003,0.213293
C-tri0,colorblind.io,tri0,palette (tritan),,tritan,#5858A8,1,#968838,1,1,0.224223,0.182694,0.411038,0.453493,10.9346,45.9314,15.5435,0.202759
C-tri0,colorblind.io,tri0,palette (tritan),,tritan,#5858A8,1,#7E702A,1,1,0.224223,0.182694,0.416864,0.455547,12.4014,46.9322,16.7481,0.211637
C-tri0,colorblind.io,tri0,palette (tritan),,tritan,#5858A8,1,#928234,1,1,0.224223,0.182694,0.415274,0.453188,11.5029,46.9489,16.2466,0.210995
C-tri0,colorblind.io,tri0,palette (tritan),,tritan,#5858A8,1,#867630,1,1,0.224223,0.182694,0.415775,0.450213,12.3174,47.5301,16.9339,0.214914
C-tri0,colorblind.io,tri0,palette (tritan),,tritan,#5858A8,1,#8E7E38,1,1,0.224223,0.182694,0.410788,0.445386,11.8514,47.1839,16.535,0.210304
C-tri0,colorblind.io,tri0,palette (tritan),,tritan,#5858A8,1,#A08C3C,1,1,0.224223,0.182694,0.416048,0.447475,11.4544,48.0221,16.6345,0.218213
C-tri0,colorblind.io,tri0,palette (tritan),,tritan,#5858A8,1,#B49840,1,1,0.224223,0.182694,0.424313,0.445599,11.5936,50.0347,17.5365,0.236008
C-tri0,colorblind.io,tri0,palette (tritan),,tritan,#5858A8,1,#7A6C28,1,1,0.224223,0.182694,0.417733,0.455476,12.7057,47.1352,16.9973,0.21333
C-tri0,colorblind.io,tri0,palette (tritan),,tritan,#5858A8,1,#9C8A30,1,1,0.224223,0.182694,0.422143,0.460608,11.1698,47.3008,16.1902,0.216444
C-tri0,colorblind.io,tri0,palette (tritan),,tritan,#5858A8,1,#A89440,1,1,0.224223,0.182694,0.414765,0.447915,11.0329,47.671,16.2536,0.215324
C-tri0,colorblind.io,tri0,palette (tritan),,tritan,#5858A8,1,#887430,1,1,0.224223,0.182694,0.420813,0.445819,13.0607,49.291,18.0735,0.229045
C-tri0,colorblind.io,tri0,palette (tritan),,tritan,#6868B8,1,#8A7A32,1,1,0.232405,0.196221,0.415019,0.450405,12.7148,48.1389,17.3662,0.195591
C-tri0,colorblind.io,tri0,palette (tritan),,tritan,#6868B8,1,#968838,1,1,0.232405,0.196221,0.411038,0.453493,11.534,46.6063,16.1091,0.185056
C-tri0,colorblind.io,tri0,palette (tritan),,tritan,#6868B8,1,#7E702A,1,1,0.232405,0.196221,0.416864,0.455547,13.0254,47.6965,17.364,0.193935
C-tri0,colorblind.io,tri0,palette (tritan),,tritan,#6868B8,1,#928234,1,1,0.232405,0.196221,0.415274,0.453188,12.1623,47.7177,16.8883,0.193293
C-tri0,colorblind.io,tri0,palette (tritan),,tritan,#6868B8,1,#867630,1,1,0.232405,0.196221,0.415775,0.450213,12.996,48.3539,17.6104,0.197212
C-tri0,colorblind.io,tri0,palette (tritan),,tritan,#6868B8,1,#8E7E38,1,1,0.232405,0.196221,0.410788,0.445386,12.5184,47.9842,17.1941,0.192602
C-tri0,colorblind.io,tri0,palette (tritan),,tritan,#6868B8,1,#A08C3C,1,1,0.232405,0.196221,0.416048,0.447475,12.1786,48.8917,17.3653,0.200511
C-tri0,colorblind.io,tri0,palette (tritan),,tritan,#6868B8,1,#B49840,1,1,0.232405,0.196221,0.424313,0.445599,12.426,51.0641,18.4266,0.218306
C-tri0,colorblind.io,tri0,palette (tritan),,tritan,#6868B8,1,#7A6C28,1,1,0.232405,0.196221,0.417733,0.455476,13.3276,47.9175,17.6198,0.195628
C-tri0,colorblind.io,tri0,palette (tritan),,tritan,#6868B8,1,#9C8A30,1,1,0.232405,0.196221,0.422143,0.460608,11.8557,48.0909,16.8605,0.198742
C-tri0,colorblind.io,tri0,palette (tritan),,tritan,#6868B8,1,#A89440,1,1,0.232405,0.196221,0.414765,0.447915,11.7288,48.5103,16.9538,0.197621
C-tri0,colorblind.io,tri0,palette (tritan),,tritan,#6868B8,1,#887430,1,1,0.232405,0.196221,0.420813,0.445819,13.8536,50.2648,18.8963,0.211343
C-tri0,colorblind.io,tri0,palette (tritan),,tritan,#8080D0,1,#8A7A32,1,1,0.242414,0.21277,0.415019,0.450405,13.5354,49.2032,18.2176,0.176793
C-tri0,colorblind.io,tri0,palette (tritan),,tritan,#8080D0,1,#968838,1,1,0.242414,0.21277,0.411038,0.453493,12.2853,47.5036,16.8414,0.166259
C-tri0,colorblind.io,tri0,palette (tritan),,tritan,#8080D0,1,#7E702A,1,1,0.242414,0.21277,0.416864,0.455547,13.7514,48.7057,18.1327,0.175137
C-tri0,colorblind.io,tri0,palette (tritan),,tritan,#8080D0,1,#928234,1,1,0.242414,0.21277,0.415274,0.453188,12.9835,48.7338,17.7171,0.174495
C-tri0,colorblind.io,tri0,palette (tritan),,tritan,#8080D0,1,#867630,1,1,0.242414,0.21277,0.415775,0.450213,13.8131,49.4399,18.4707,0.178414
C-tri0,colorblind.io,tri0,palette (tritan),,tritan,#8080D0,1,#8E7E38,1,1,0.242414,0.21277,0.410788,0.445386,13.3412,49.0436,18.0434,0.173804
C-tri0,colorblind.io,tri0,palette (tritan),,tritan,#8080D0,1,#A08C3C,1,1,0.242414,0.21277,0.416048,0.447475,13.1173,50.0357,18.3317,0.181713
C-tri0,colorblind.io,tri0,palette (tritan),,tritan,#8080D0,1,#B49840,1,1,0.242414,0.21277,0.424313,0.445599,13.5501,52.4017,19.6297,0.199508
C-tri0,colorblind.io,tri0,palette (tritan),,tritan,#8080D0,1,#7A6C28,1,1,0.242414,0.21277,0.417733,0.455476,14.0409,48.9493,18.3924,0.17683
C-tri0,colorblind.io,tri0,palette (tritan),,tritan,#8080D0,1,#9C8A30,1,1,0.242414,0.21277,0.422143,0.460608,12.7335,49.1299,17.7376,0.179944
C-tri0,colorblind.io,tri0,palette (tritan),,tritan,#8080D0,1,#A89440,1,1,0.242414,0.21277,0.414765,0.447915,12.6459,49.6166,17.8884,0.178824
C-tri0,colorblind.io,tri0,palette (tritan),,tritan,#8080D0,1,#887430,1,1,0.242414,0.21277,0.420813,0.445819,14.8231,51.5363,19.9529,0.192545
C-tri0,colorblind.io,tri0,palette (tritan),,tritan,#5050A0,1,#8A7A32,1,1,0.219581,0.175019,0.415019,0.450405,11.6659,46.8983,16.3372,0.224458
C-tri0,colorblind.io,tri0,palette (tritan),,tritan,#5050A0,1,#968838,1,1,0.219581,0.175019,0.411038,0.453493,10.6069,45.5698,15.2382,0.213924
C-tri0,colorblind.io,tri0,palette (tritan),,tritan,#5050A0,1,#7E702A,1,1,0.219581,0.175019,0.416864,0.455547,12.0435,46.5207,16.4065,0.222802
C-tri0,colorblind.io,tri0,palette (tritan),,tritan,#5050A0,1,#928234,1,1,0.219581,0.175019,0.415274,0.453188,11.1406,46.5352,15.8993,0.22216
C-tri0,colorblind.io,tri0,palette (tritan),,tritan,#5050A0,1,#867630,1,1,0.219581,0.175019,0.415775,0.450213,11.9363,47.0861,16.5634,0.226079
C-tri0,colorblind.io,tri0,palette (tritan),,tritan,#5050A0,1,#8E7E38,1,1,0.219581,0.175019,0.410788,0.445386,11.4826,46.7537,16.1775,0.22147
C-tri0,colorblind.io,tri0,palette (tritan),,tritan,#5050A0,1,#A08C3C,1,1,0.219581,0.175019,0.416048,0.447475,11.0661,47.5528,16.2448,0.229379
C-tri0,colorblind.io,tri0,palette (tritan),,tritan,#5050A0,1,#B49840,1,1,0.219581,0.175019,0.424313,0.445599,11.1579,49.4747,17.0679,0.247174
C-tri0,colorblind.io,tri0,palette (tritan),,tritan,#5050A0,1,#7A6C28,1,1,0.219581,0.175019,0.417733,0.455476,12.3457,46.7137,16.6505,0.224495
C-tri0,colorblind.io,tri0,palette (tritan),,tritan,#5050A0,1,#9C8A30,1,1,0.219581,0.175019,0.422143,0.460608,10.7994,46.8743,15.8307,0.227609
C-tri0,colorblind.io,tri0,palette (tritan),,tritan,#5050A0,1,#A89440,1,1,0.219581,0.175019,0.414765,0.447915,10.6636,47.2187,15.8825,0.226489
C-tri0,colorblind.io,tri0,palette (tritan),,tritan,#5050A0,1,#887430,1,1,0.219581,0.175019,0.420813,0.445819,12.6192,48.7629,17.6255,0.24021
C-tri0,colorblind.io,tri0,palette (tritan),,tritan,#7474C4,1,#8A7A32,1,1,0.23771,0.204992,0.415019,0.450405,13.1525,48.6918,17.8131,0.185276
C-tri0,colorblind.io,tri0,palette (tritan),,tritan,#7474C4,1,#968838,1,1,0.23771,0.204992,0.411038,0.453493,11.9317,47.0714,16.4924,0.174742
C-tri0,colorblind.io,tri0,palette (tritan),,tritan,#7474C4,1,#7E702A,1,1,0.23771,0.204992,0.416864,0.455547,13.4175,48.2206,17.77,0.183621
C-tri0,colorblind.io,tri0,palette (tritan),,tritan,#7474C4,1,#928234,1,1,0.23771,0.204992,0.415274,0.453188,12.5977,48.2453,17.3223,0.182978
C-tri0,colorblind.io,tri0,palette (tritan),,tritan,#7474C4,1,#867630,1,1,0.23771,0.204992,0.415775,0.450213,13.4331,48.9181,18.0626,0.186897
C-tri0,colorblind.io,tri0,palette (tritan),,tritan,#7474C4,1,#8E7E38,1,1,0.23771,0.204992,0.410788,0.445386,12.9557,48.5341,17.639,0.182288
C-tri0,colorblind.io,tri0,palette (tritan),,tritan,#7474C4,1,#A08C3C,1,1,0.23771,0.204992,0.416048,0.447475,12.6707,49.4865,17.8681,0.190197
C-tri0,colorblind.io,tri0,palette (tritan),,tritan,#7474C4,1,#B49840,1,1,0.23771,0.204992,0.424313,0.445599,13.0083,51.7618,19.0486,0.207992
C-tri0,colorblind.io,tri0,palette (tritan),,tritan,#7474C4,1,#7A6C28,1,1,0.23771,0.204992,0.417733,0.455476,13.7142,48.4536,18.0284,0.185313
C-tri0,colorblind.io,tri0,palette (tritan),,tritan,#7474C4,1,#9C8A30,1,1,0.23771,0.204992,0.422143,0.460608,12.3176,48.6311,17.3182,0.188428
C-tri0,colorblind.io,tri0,palette (tritan),,tritan,#7474C4,1,#A89440,1,1,0.23771,0.204992,0.414765,0.447915,12.2073,49.0851,17.4388,0.187307
C-tri0,colorblind.io,tri0,palette (tritan),,tritan,#7474C4,1,#887430,1,1,0.23771,0.204992,0.420813,0.445819,14.3698,50.9272,19.4501,0.201028
C-tri0,colorblind.io,tri0,palette (tritan),,tritan,#6060B0,1,#8A7A32,1,1,0.228486,0.189742,0.415019,0.450405,12.3911,47.7459,17.0434,0.203778
C-tri0,colorblind.io,tri0,palette (tritan),,tritan,#6060B0,1,#968838,1,1,0.228486,0.189742,0.411038,0.453493,11.244,46.2769,15.834,0.193243
C-tri0,colorblind.io,tri0,palette (tritan),,tritan,#6060B0,1,#7E702A,1,1,0.228486,0.189742,0.416864,0.455547,12.7284,47.324,17.0671,0.202122
C-tri0,colorblind.io,tri0,palette (tritan),,tritan,#6060B0,1,#928234,1,1,0.228486,0.189742,0.415274,0.453188,11.8438,47.3429,16.5765,0.20148
C-tri0,colorblind.io,tri0,palette (tritan),,tritan,#6060B0,1,#867630,1,1,0.228486,0.189742,0.415775,0.450213,12.6707,47.9525,17.2829,0.205399
C-tri0,colorblind.io,tri0,palette (tritan),,tritan,#6060B0,1,#8E7E38,1,1,0.228486,0.189742,0.410788,0.445386,12.1969,47.5939,16.874,0.200789
C-tri0,colorblind.io,tri0,palette (tritan),,tritan,#6060B0,1,#A08C3C,1,1,0.228486,0.189742,0.416048,0.447475,11.8258,48.4682,17.0083,0.208698
C-tri0,colorblind.io,tri0,palette (tritan),,tritan,#6060B0,1,#B49840,1,1,0.228486,0.189742,0.424313,0.445599,12.0171,50.5641,17.9899,0.226493
C-tri0,colorblind.io,tri0,palette (tritan),,tritan,#6060B0,1,#7A6C28,1,1,0.228486,0.189742,0.417733,0.455476,13.0327,47.5363,17.3202,0.203814
C-tri0,colorblind.io,tri0,palette (tritan),,tritan,#6060B0,1,#9C8A30,1,1,0.228486,0.189742,0.422143,0.460608,11.5224,47.7062,16.5338,0.206929
C-tri0,colorblind.io,tri0,palette (tritan),,tritan,#6060B0,1,#A89440,1,1,0.228486,0.189742,0.414765,0.447915,11.3886,48.1014,16.6111,0.205808
C-tri0,colorblind.io,tri0,palette (tritan),,tritan,#6060B0,1,#887430,1,1,0.228486,0.189742,0.420813,0.445819,13.4723,49.7914,18.4972,0.21953
C-tri1,colorblind.io,tri1,palette (tritan),,tritan,#6080B8,1,#887838,1,1,0.233066,0.235167,0.408834,0.440666,19.6443,60.7641,27.324,0.230283
C-tri1,colorblind.io,tri1,palette (tritan),,tritan,#6080B8,1,#947E40,1,1,0.233066,0.235167,0.411007,0.430735,20.5354,62.5177,29.1329,0.244973
C-tri1,colorblind.io,tri1,palette (tritan),,tritan,#6080B8,1,#7C7030,1,1,0.233066,0.235167,0.408291,0.448645,19.2673,59.5172,26.2494,0.221266
C-tri1,colorblind.io,tri1,palette (tritan),,tritan,#6080B8,1,#908034,1,1,0.233066,0.235167,0.414802,0.451911,18.6322,60.1703,26.3534,0.230321
C-tri1,colorblind.io,tri1,palette (tritan),,tritan,#6080B8,1,#867438,1,1,0.233066,0.235167,0.410169,0.435914,20.5325,61.6596,28.4677,0.237798
C-tri1,colorblind.io,tri1,palette (tritan),,tritan,#6080B8,1,#8A7C3C,1,1,0.233066,0.235167,0.403699,0.439485,19.0023,60.049,26.4709,0.221571
C-tri1,colorblind.io,tri1,palette (tritan),,tritan,#6080B8,1,#A08844,1,1,0.233066,0.235167,0.412962,0.432546,19.9286,62.5643,28.8337,0.246883
C-tri1,colorblind.io,tri1,palette (tritan),,tritan,#6080B8,1,#7A6C2C,1,1,0.233066,0.235167,0.413911,0.449831,19.993,60.3129,27.1896,0.230717
C-tri1,colorblind.io,tri1,palette (tritan),,tritan,#6080B8,1,#968640,1,1,0.233066,0.235167,0.406154,0.440747,18.5619,60.2947,26.4013,0.225035
C-tri1,colorblind.io,tri1,palette (tritan),,tritan,#6080B8,1,#8C7A34,1,1,0.233066,0.235167,0.415913,0.446389,19.634,61.1159,27.5739,0.238013
C-tri1,colorblind.io,tri1,palette (tritan),,tritan,#6080B8,1,#9C8C48,1,1,0.233066,0.235167,0.401111,0.434741,18.3639,60.2971,26.2943,0.221324
C-tri1,colorblind.io,tri1,palette (tritan),,tritan,#6080B8,1,#B09848,1,1,0.233066,0.235167,0.413984,0.439286,18.4922,61.7913,27.4393,0.241687
C-tri1,colorblind.io,tri1,palette (tritan),,tritan,#5678B0,1,#887838,1,1,0.228112,0.230038,0.408834,0.440666,19.6284,60.9344,27.4275,0.242689
C-tri1,colorblind.io,tri1,palette (tritan),,tritan,#5678B0,1,#947E40,1,1,0.228112,0.230038,0.411007,0.430735,20.4224,62.5949,29.1262,0.257378
C-tri1,colorblind.io,tri1,palette (tritan),,tritan,#5678B0,1,#7C7030,1,1,0.228112,0.230038,0.408291,0.448645,19.3337,59.7571,26.4338,0.233671
C-tri1,colorblind.io,tri1,palette (tritan),,tritan,#5678B0,1,#908034,1,1,0.228112,0.230038,0.414802,0.451911,18.6019,60.3698,26.4635,0.242727
C-tri1,colorblind.io,tri1,palette (tritan),,tritan,#5678B0,1,#867438,1,1,0.228112,0.230038,0.410169,0.435914,20.4923,61.7814,28.53,0.250203
C-tri1,colorblind.io,tri1,palette (tritan),,tritan,#5678B0,1,#8A7C3C,1,1,0.228112,0.230038,0.403699,0.439485,19.0109,60.2618,26.6107,0.233977
C-tri1,colorblind.io,tri1,palette (tritan),,tritan,#5678B0,1,#A08844,1,1,0.228112,0.230038,0.412962,0.432546,19.787,62.6387,28.8081,0.259289
C-tri1,colorblind.io,tri1,palette (tritan),,tritan,#5678B0,1,#7A6C2C,1,1,0.228112,0.230038,0.413911,0.449831,20.0373,60.5051,27.3374,0.243123
C-tri1,colorblind.io,tri1,palette (tritan),,tritan,#5678B0,1,#968640,1,1,0.228112,0.230038,0.406154,0.440747,18.5284,60.4923,26.5093,0.237441
C-tri1,colorblind.io,tri1,palette (tritan),,tritan,#5678B0,1,#8C7A34,1,1,0.228112,0.230038,0.415913,0.446389,19.5835,61.2641,27.6452,0.250419
C-tri1,colorblind.io,tri1,palette (tritan),,tritan,#5678B0,1,#9C8C48,1,1,0.228112,0.230038,0.401111,0.434741,18.3281,60.4976,26.4028,0.23373
C-tri1,colorblind.io,tri1,palette (tritan),,tritan,#5678B0,1,#B09848,1,1,0.228112,0.230038,0.413984,0.439286,18.3597,61.9049,27.4422,0.254092
C-tri1,colorblind.io,tri1,palette (tritan),,tritan,#6888C0,1,#887838,1,1,0.236285,0.239526,0.408834,0.440666,19.9282,60.9246,27.5835,0.223368
C-tri1,colorblind.io,tri1,palette (tritan),,tritan,#6888C0,1,#947E40,1,1,0.236285,0.239526,0.411007,0.430735,20.9002,62.7274,29.4849,0.238057
C-tri1,colorblind.io,tri1,palette (tritan),,tritan,#6888C0,1,#7C7030,1,1,0.236285,0.239526,0.408291,0.448645,19.4843,59.6389,26.4408,0.21435
C-tri1,colorblind.io,tri1,palette (tritan),,tritan,#6888C0,1,#908034,1,1,0.236285,0.239526,0.414802,0.451911,18.918,60.3099,26.5979,0.223405
C-tri1,colorblind.io,tri1,palette (tritan),,tritan,#6888C0,1,#867438,1,1,0.236285,0.239526,0.410169,0.435914,20.8399,61.8458,28.763,0.230882
C-tri1,colorblind.io,tri1,palette (tritan),,tritan,#6888C0,1,#8A7C3C,1,1,0.236285,0.239526,0.403699,0.439485,19.2662,60.1897,26.703,0.214656
C-tri1,colorblind.io,tri1,palette (tritan),,tritan,#6888C0,1,#A08844,1,1,0.236285,0.239526,0.412962,0.432546,20.3113,62.774,29.1974,0.239967
C-tri1,colorblind.io,tri1,palette (tritan),,tritan,#6888C0,1,#7A6C2C,1,1,0.236285,0.239526,0.413911,0.449831,20.2282,60.4572,27.4085,0.223802
C-tri1,colorblind.io,tri1,palette (tritan),,tritan,#6888C0,1,#968640,1,1,0.236285,0.239526,0.406154,0.440747,18.8545,60.442,26.6557,0.218119
C-tri1,colorblind.io,tri1,palette (tritan),,tritan,#6888C0,1,#8C7A34,1,1,0.236285,0.239526,0.415913,0.446389,19.9412,61.2832,27.853,0.231097
C-tri1,colorblind.io,tri1,palette (tritan),,tritan,#6888C0,1,#9C8C48,1,1,0.236285,0.239526,0.401111,0.434741,18.6599,60.447,26.5527,0.214408
C-tri1,colorblind.io,tri1,palette (tritan),,tritan,#6888C0,1,#B09848,1,1,0.236285,0.239526,0.413984,0.439286,18.8575,61.979,27.7732,0.234771
C-tri1,colorblind.io,tri1,palette (tritan),,tritan,#4E70A8,1,#887838,1,1,0.224344,0.224782,0.408834,0.440666,19.2405,60.7168,27.0734,0.251402
C-tri1,colorblind.io,tri1,palette (tritan),,tritan,#4E70A8,1,#947E40,1,1,0.224344,0.224782,0.411007,0.430735,19.9539,62.3252,28.6744,0.266092
C-tri1,colorblind.io,tri1,palette (tritan),,tritan,#4E70A8,1,#7C7030,1,1,0.224344,0.224782,0.408291,0.448645,19.0117,59.5799,26.1509,0.242384
C-tri1,colorblind.io,tri1,palette (tritan),,tritan,#4E70A8,1,#908034,1,1,0.224344,0.224782,0.414802,0.451911,18.2201,60.1746,26.1302,0.25144
C-tri1,colorblind.io,tri1,palette (tritan),,tritan,#4E70A8,1,#867438,1,1,0.224344,0.224782,0.410169,0.435914,20.0755,61.5367,28.1348,0.258917
C-tri1,colorblind.io,tri1,palette (tritan),,tritan,#4E70A8,1,#8A7C3C,1,1,0.224344,0.224782,0.403699,0.439485,18.6479,60.0643,26.2879,0.24269
C-tri1,colorblind.io,tri1,palette (tritan),,tritan,#4E70A8,1,#A08844,1,1,0.224344,0.224782,0.412962,0.432546,19.3097,62.3692,28.3491,0.268002
C-tri1,colorblind.io,tri1,palette (tritan),,tritan,#4E70A8,1,#7A6C2C,1,1,0.224344,0.224782,0.413911,0.449831,19.6925,60.3049,27.0231,0.251836
C-tri1,colorblind.io,tri1,palette (tritan),,tritan,#4E70A8,1,#968640,1,1,0.224344,0.224782,0.406154,0.440747,18.144,60.2881,26.1672,0.246154
C-tri1,colorblind.io,tri1,palette (tritan),,tritan,#4E70A8,1,#8C7A34,1,1,0.224344,0.224782,0.415913,0.446389,19.1731,61.0399,27.271,0.259132
C-tri1,colorblind.io,tri1,palette (tritan),,tritan,#4E70A8,1,#9C8C48,1,1,0.224344,0.224782,0.401111,0.434741,17.9449,60.2902,26.0585,0.242443
C-tri1,colorblind.io,tri1,palette (tritan),,tritan,#4E70A8,1,#B09848,1,1,0.224344,0.224782,0.413984,0.439286,17.9159,61.6589,27.0237,0.262805
C-tri1,colorblind.io,tri1,palette (tritan),,tritan,#5C7CB4,1,#887838,1,1,0.231365,0.232837,0.408834,0.440666,19.4858,60.6746,27.1794,0.234015
C-tri1,colorblind.io,tri1,palette (tritan),,tritan,#5C7CB4,1,#947E40,1,1,0.231365,0.232837,0.411007,0.430735,20.3363,62.4027,28.941,0.248705
C-tri1,colorblind.io,tri1,palette (tritan),,tritan,#5C7CB4,1,#7C7030,1,1,0.231365,0.232837,0.408291,0.448645,19.1423,59.4475,26.1396,0.224998
C-tri1,colorblind.io,tri1,palette (tritan),,tritan,#5C7CB4,1,#908034,1,1,0.231365,0.232837,0.414802,0.451911,18.474,60.0915,26.2172,0.234053
C-tri1,colorblind.io,tri1,palette (tritan),,tritan,#5C7CB4,1,#867438,1,1,0.231365,0.232837,0.410169,0.435914,20.3613,61.5568,28.3042,0.24153
C-tri1,colorblind.io,tri1,palette (tritan),,tritan,#5C7CB4,1,#8A7C3C,1,1,0.231365,0.232837,0.403699,0.439485,18.8547,59.9695,26.3407,0.225303
C-tri1,colorblind.io,tri1,palette (tritan),,tritan,#5C7CB4,1,#A08844,1,1,0.231365,0.232837,0.412962,0.432546,19.7219,62.4494,28.6366,0.250615
C-tri1,colorblind.io,tri1,palette (tritan),,tritan,#5C7CB4,1,#7A6C2C,1,1,0.231365,0.232837,0.413911,0.449831,19.8581,60.2317,27.0653,0.234449
C-tri1,colorblind.io,tri1,palette (tritan),,tritan,#5C7CB4,1,#968640,1,1,0.231365,0.232837,0.406154,0.440747,18.401,60.2118,26.2604,0.228767
C-tri1,colorblind.io,tri1,palette (tritan),,tritan,#5C7CB4,1,#8C7A34,1,1,0.231365,0.232837,0.415913,0.446389,19.4639,61.0229,27.4193,0.241745
C-tri1,colorblind.io,tri1,palette (tritan),,tritan,#5C7CB4,1,#9C8C48,1,1,0.231365,0.232837,0.401111,0.434741,18.2021,60.2129,26.1517,0.225056
C-tri1,colorblind.io,tri1,palette (tritan),,tritan,#5C7CB4,1,#B09848,1,1,0.231365,0.232837,0.413984,0.439286,18.2969,61.6878,27.2589,0.245419
C-tri1,colorblind.io,tri1,palette (tritan),,tritan,#6484BC,1,#887838,1,1,0.234705,0.237395,0.408834,0.440666,19.7916,60.8473,27.4585,0.226739
C-tri1,colorblind.io,tri1,palette (tritan),,tritan,#6484BC,1,#947E40,1,1,0.234705,0.237395,0.411007,0.430735,20.7232,62.6257,29.314,0.241428
C-tri1,colorblind.io,tri1,palette (tritan),,tritan,#6484BC,1,#7C7030,1,1,0.234705,0.237395,0.408291,0.448645,19.381,59.5808,26.3496,0.217721
C-tri1,colorblind.io,tri1,palette (tritan),,tritan,#6484BC,1,#908034,1,1,0.234705,0.237395,0.414802,0.451911,18.78,60.2429,26.4801,0.226776
C-tri1,colorblind.io,tri1,palette (tritan),,tritan,#6484BC,1,#867438,1,1,0.234705,0.237395,0.410169,0.435914,20.6918,61.7557,28.6204,0.234253
C-tri1,colorblind.io,tri1,palette (tritan),,tritan,#6484BC,1,#8A7C3C,1,1,0.234705,0.237395,0.403699,0.439485,19.1393,60.1222,26.5914,0.218027
C-tri1,colorblind.io,tri1,palette (tritan),,tritan,#6484BC,1,#A08844,1,1,0.234705,0.237395,0.412962,0.432546,20.125,62.6723,29.0205,0.243338
C-tri1,colorblind.io,tri1,palette (tritan),,tritan,#6484BC,1,#7A6C2C,1,1,0.234705,0.237395,0.413911,0.449831,20.1162,60.3879,27.3038,0.227173
C-tri1,colorblind.io,tri1,palette (tritan),,tritan,#6484BC,1,#968640,1,1,0.234705,0.237395,0.406154,0.440747,18.7129,60.3712,26.5329,0.22149
C-tri1,colorblind.io,tri1,palette (tritan),,tritan,#6484BC,1,#8C7A34,1,1,0.234705,0.237395,0.415913,0.446389,19.793,61.2025,27.7182,0.234468
C-tri1,colorblind.io,tri1,palette (tritan),,tritan,#6484BC,1,#9C8C48,1,1,0.234705,0.237395,0.401111,0.434741,18.5164,60.3749,26.4278,0.217779
C-tri1,colorblind.io,tri1,palette (tritan),,tritan,#6484BC,1,#B09848,1,1,0.234705,0.237395,0.413984,0.439286,18.679,61.8882,27.6106,0.238142
C-tri1,colorblind.io,tri1,palette (tritan),,tritan,#4868A0,1,#887838,1,1,0.22181,0.219403,0.408834,0.440666,18.5054,60.1073,26.2803,0.256045
C-tri1,colorblind.io,tri1,palette (tritan),,tritan,#4868A0,1,#947E40,1,1,0.22181,0.219403,0.411007,0.430735,19.1556,61.7006,27.7963,0.270734
C-tri1,colorblind.io,tri1,palette (tritan),,tritan,#4868A0,1,#7C7030,1,1,0.22181,0.219403,0.408291,0.448645,18.3238,58.985,25.4188,0.247027
C-tri1,colorblind.io,tri1,palette (tritan),,tritan,#4868A0,1,#908034,1,1,0.22181,0.219403,0.414802,0.451911,17.5118,59.5818,25.372,0.256083
C-tri1,colorblind.io,tri1,palette (tritan),,tritan,#4868A0,1,#867438,1,1,0.22181,0.219403,0.410169,0.435914,19.306,60.9194,27.2999,0.263559
C-tri1,colorblind.io,tri1,palette (tritan),,tritan,#4868A0,1,#8A7C3C,1,1,0.22181,0.219403,0.403699,0.439485,17.9389,59.4549,25.5224,0.247333
C-tri1,colorblind.io,tri1,palette (tritan),,tritan,#4868A0,1,#A08844,1,1,0.22181,0.219403,0.412962,0.432546,18.5232,61.7475,27.4756,0.272644
C-tri1,colorblind.io,tri1,palette (tritan),,tritan,#4868A0,1,#7A6C2C,1,1,0.22181,0.219403,0.413911,0.449831,18.9795,59.7089,26.263,0.256479
C-tri1,colorblind.io,tri1,palette (tritan),,tritan,#4868A0,1,#968640,1,1,0.22181,0.219403,0.406154,0.440747,17.4349,59.6798,25.3953,0.250797
C-tri1,colorblind.io,tri1,palette (tritan),,tritan,#4868A0,1,#8C7A34,1,1,0.22181,0.219403,0.415913,0.446389,18.4272,60.4378,26.4691,0.263774
C-tri1,colorblind.io,tri1,palette (tritan),,tritan,#4868A0,1,#9C8C48,1,1,0.22181,0.219403,0.401111,0.434741,17.2412,59.6731,25.2829,0.247085
C-tri1,colorblind.io,tri1,palette (tritan),,tritan,#4868A0,1,#B09848,1,1,0.22181,0.219403,0.413984,0.439286,17.1867,61.0466,26.2029,0.267448
C-tri1,colorblind.io,tri1,palette (tritan),,tritan,#5070AC,1,#887838,1,1,0.223272,0.219542,0.408834,0.440666,18.7725,59.6941,26.1691,0.250982
C-tri1,colorblind.io,tri1,palette (tritan),,tritan,#5070AC,1,#947E40,1,1,0.223272,0.219542,0.411007,0.430735,19.4499,61.3287,27.709,0.265671
C-tri1,colorblind.io,tri1,palette (tritan),,tritan,#5070AC,1,#7C7030,1,1,0.223272,0.219542,0.408291,0.448645,18.5692,58.5432,25.2903,0.241964
C-tri1,colorblind.io,tri1,palette (tritan),,tritan,#5070AC,1,#908034,1,1,0.223272,0.219542,0.414802,0.451911,17.7814,59.1623,25.268,0.251019
C-tri1,colorblind.io,tri1,palette (tritan),,tritan,#5070AC,1,#867438,1,1,0.223272,0.219542,0.410169,0.435914,19.5903,60.5277,27.2005,0.258496
C-tri1,colorblind.io,tri1,palette (tritan),,tritan,#5070AC,1,#8A7C3C,1,1,0.223272,0.219542,0.403699,0.439485,18.1811,59.0193,25.3924,0.24227
C-tri1,colorblind.io,tri1,palette (tritan),,tritan,#5070AC,1,#A08844,1,1,0.223272,0.219542,0.412962,0.432546,18.8094,61.3787,27.3888,0.267581
C-tri1,colorblind.io,tri1,palette (tritan),,tritan,#5070AC,1,#7A6C2C,1,1,0.223272,0.219542,0.413911,0.449831,19.2478,59.2916,26.1521,0.251416
C-tri1,colorblind.io,tri1,palette (tritan),,tritan,#5070AC,1,#968640,1,1,0.223272,0.219542,0.406154,0.440747,17.6781,59.2528,25.2711,0.245733
C-tri1,colorblind.io,tri1,palette (tritan),,tritan,#5070AC,1,#8C7A34,1,1,0.223272,0.219542,0.415913,0.446389,18.7169,60.0405,26.3779,0.258711
C-tri1,colorblind.io,tri1,palette (tritan),,tritan,#5070AC,1,#9C8C48,1,1,0.223272,0.219542,0.401111,0.434741,17.4633,59.2398,25.1438,0.242022
C-tri1,colorblind.io,tri1,palette (tritan),,tritan,#5070AC,1,#B09848,1,1,0.223272,0.219542,0.413984,0.439286,17.4347,60.662,26.0967,0.262385
C-tri1,colorblind.io,tri1,palette (tritan),,tritan,#7090C8,1,#887838,1,1,0.239275,0.243522,0.408834,0.440666,20.1718,61.0635,27.8074,0.2171
C-tri1,colorblind.io,tri1,palette (tritan),,tritan,#7090C8,1,#947E40,1,1,0.239275,0.243522,0.411007,0.430735,21.2234,62.9137,29.7981,0.23179
C-tri1,colorblind.io,tri1,palette (tritan),,tritan,#7090C8,1,#7C7030,1,1,0.239275,0.243522,0.408291,0.448645,19.6619,59.7405,26.5988,0.208082
C-tri1,colorblind.io,tri1,palette (tritan),,tritan,#7090C8,1,#908034,1,1,0.239275,0.243522,0.414802,0.451911,19.1659,60.4288,26.8088,0.217138
C-tri1,colorblind.io,tri1,palette (tritan),,tritan,#7090C8,1,#867438,1,1,0.239275,0.243522,0.410169,0.435914,21.1047,62.0094,29.0206,0.224615
C-tri1,colorblind.io,tri1,palette (tritan),,tritan,#7090C8,1,#8A7C3C,1,1,0.239275,0.243522,0.403699,0.439485,19.4917,60.3094,26.9013,0.208388
C-tri1,colorblind.io,tri1,palette (tritan),,tritan,#7090C8,1,#A08844,1,1,0.239275,0.243522,0.412962,0.432546,20.6555,62.9603,29.5238,0.2337
C-tri1,colorblind.io,tri1,palette (tritan),,tritan,#7090C8,1,#7A6C2C,1,1,0.239275,0.243522,0.413911,0.449831,20.4221,60.5807,27.5922,0.217534
C-tri1,colorblind.io,tri1,palette (tritan),,tritan,#7090C8,1,#968640,1,1,0.239275,0.243522,0.406154,0.440747,19.1109,60.5682,26.8769,0.211852
C-tri1,colorblind.io,tri1,palette (tritan),,tritan,#7090C8,1,#8C7A34,1,1,0.239275,0.243522,0.415913,0.446389,20.2076,61.4288,28.096,0.22483
C-tri1,colorblind.io,tri1,palette (tritan),,tritan,#7090C8,1,#9C8C48,1,1,0.239275,0.243522,0.401111,0.434741,18.9213,60.5755,26.7787,0.208141
C-tri1,colorblind.io,tri1,palette (tritan),,tritan,#7090C8,1,#B09848,1,1,0.239275,0.243522,0.413984,0.439286,19.1904,62.1441,28.074,0.228503
C-tri1,colorblind.io,tri1,palette (tritan),,tritan,#4060A0,1,#887838,1,1,0.212325,0.201432,0.408834,0.440666,17.7008,58.4114,24.8175,0.277131
C-tri1,colorblind.io,tri1,palette (tritan),,tritan,#4060A0,1,#947E40,1,1,0.212325,0.201432,0.411007,0.430735,18.1758,59.9161,26.0906,0.291821
C-tri1,colorblind.io,tri1,palette (tritan),,tritan,#4060A0,1,#7C7030,1,1,0.212325,0.201432,0.408291,0.448645,17.6603,57.363,24.1315,0.268113
C-tri1,colorblind.io,tri1,palette (tritan),,tritan,#4060A0,1,#908034,1,1,0.212325,0.201432,0.414802,0.451911,16.7441,57.9441,23.9916,0.277169
C-tri1,colorblind.io,tri1,palette (tritan),,tritan,#4060A0,1,#867438,1,1,0.212325,0.201432,0.410169,0.435914,18.4404,59.1778,25.7313,0.284646
C-tri1,colorblind.io,tri1,palette (tritan),,tritan,#4060A0,1,#8A7C3C,1,1,0.212325,0.201432,0.403699,0.439485,17.1683,57.7814,24.1238,0.268419
C-tri1,colorblind.io,tri1,palette (tritan),,tritan,#4060A0,1,#A08844,1,1,0.212325,0.201432,0.412962,0.432546,17.5213,59.9689,25.7584,0.293731
C-tri1,colorblind.io,tri1,palette (tritan),,tritan,#4060A0,1,#7A6C2C,1,1,0.212325,0.201432,0.413911,0.449831,18.2832,58.0595,24.9081,0.277565
C-tri1,colorblind.io,tri1,palette (tritan),,tritan,#4060A0,1,#968640,1,1,0.212325,0.201432,0.406154,0.440747,16.62,58.0012,23.9584,0.271883
C-tri1,colorblind.io,tri1,palette (tritan),,tritan,#4060A0,1,#8C7A34,1,1,0.212325,0.201432,0.415913,0.446389,17.6016,58.7496,24.9832,0.284861
C-tri1,colorblind.io,tri1,palette (tritan),,tritan,#4060A0,1,#9C8C48,1,1,0.212325,0.201432,0.401111,0.434741,16.3995,57.9734,23.8181,0.268172
C-tri1,colorblind.io,tri1,palette (tritan),,tritan,#4060A0,1,#B09848,1,1,0.212325,0.201432,0.413984,0.439286,16.236,59.3134,24.5843,0.288534
C-tri1,colorblind.io,tri1,palette (tritan),,tritan,#5878B8,1,#887838,1,1,0.224589,0.219674,0.408834,0.440666,19.0217,59.3125,26.0709,0.246428
C-tri1,colorblind.io,tri1,palette (tritan),,tritan,#5878B8,1,#947E40,1,1,0.224589,0.219674,0.411007,0.430735,19.7313,60.9856,27.6364,0.261118
C-tri1,colorblind.io,tri1,palette (tritan),,tritan,#5878B8,1,#7C7030,1,1,0.224589,0.219674,0.408291,0.448645,18.7905,58.1347,25.1724,0.23741
C-tri1,colorblind.io,tri1,palette (tritan),,tritan,#5878B8,1,#908034,1,1,0.224589,0.219674,0.414802,0.451911,18.0385,58.7748,25.1796,0.246466
C-tri1,colorblind.io,tri1,palette (tritan),,tritan,#5878B8,1,#867438,1,1,0.224589,0.219674,0.410169,0.435914,19.8533,60.1661,27.1119,0.253943
C-tri1,colorblind.io,tri1,palette (tritan),,tritan,#5878B8,1,#8A7C3C,1,1,0.224589,0.219674,0.403699,0.439485,18.4092,58.6166,25.2781,0.237716
C-tri1,colorblind.io,tri1,palette (tritan),,tritan,#5878B8,1,#A08844,1,1,0.224589,0.219674,0.412962,0.432546,19.0903,61.0386,27.3205,0.263028
C-tri1,colorblind.io,tri1,palette (tritan),,tritan,#5878B8,1,#7A6C2C,1,1,0.224589,0.219674,0.413911,0.449831,19.4876,58.9061,26.0487,0.246862
C-tri1,colorblind.io,tri1,palette (tritan),,tritan,#5878B8,1,#968640,1,1,0.224589,0.219674,0.406154,0.440747,17.9144,58.8583,25.1662,0.24118
C-tri1,colorblind.io,tri1,palette (tritan),,tritan,#5878B8,1,#8C7A34,1,1,0.224589,0.219674,0.415913,0.446389,18.9893,59.6738,26.2992,0.254158
C-tri1,colorblind.io,tri1,palette (tritan),,tritan,#5878B8,1,#9C8C48,1,1,0.224589,0.219674,0.401111,0.434741,17.6831,58.8392,25.0268,0.237469
C-tri1,colorblind.io,tri1,palette (tritan),,tritan,#5878B8,1,#B09848,1,1,0.224589,0.219674,0.413984,0.439286,17.6875,60.3072,26.0149,0.257831
C-tri1,colorblind.io,tri1,palette (tritan),,tritan,#6C8CC4,1,#887838,1,1,0.237807,0.241567,0.408834,0.440666,20.0547,60.9965,27.6996,0.220158
C-tri1,colorblind.io,tri1,palette (tritan),,tritan,#6C8CC4,1,#947E40,1,1,0.237807,0.241567,0.411007,0.430735,21.0668,62.8233,29.6461,0.234848
C-tri1,colorblind.io,tri1,palette (tritan),,tritan,#6C8CC4,1,#7C7030,1,1,0.237807,0.241567,0.408291,0.448645,19.5777,59.692,26.5237,0.211141
C-tri1,colorblind.io,tri1,palette (tritan),,tritan,#6C8CC4,1,#908034,1,1,0.237807,0.241567,0.414802,0.451911,19.0465,60.3717,26.7073,0.220196
C-tri1,colorblind.io,tri1,palette (tritan),,tritan,#6C8CC4,1,#867438,1,1,0.237807,0.241567,0.410169,0.435914,20.9773,61.9302,28.8962,0.227673
C-tri1,colorblind.io,tri1,palette (tritan),,tritan,#6C8CC4,1,#8A7C3C,1,1,0.237807,0.241567,0.403699,0.439485,19.3835,60.2519,26.8061,0.211447
C-tri1,colorblind.io,tri1,palette (tritan),,tritan,#6C8CC4,1,#A08844,1,1,0.237807,0.241567,0.412962,0.432546,20.4881,62.8698,29.365,0.236758
C-tri1,colorblind.io,tri1,palette (tritan),,tritan,#6C8CC4,1,#7A6C2C,1,1,0.237807,0.241567,0.413911,0.449831,20.33,60.5213,27.5044,0.220592
C-tri1,colorblind.io,tri1,palette (tritan),,tritan,#6C8CC4,1,#968640,1,1,0.237807,0.241567,0.406154,0.440747,18.987,60.5075,26.7702,0.21491
C-tri1,colorblind.io,tri1,palette (tritan),,tritan,#6C8CC4,1,#8C7A34,1,1,0.237807,0.241567,0.415913,0.446389,20.0792,61.3584,27.9787,0.227888
C-tri1,colorblind.io,tri1,palette (tritan),,tritan,#6C8CC4,1,#9C8C48,1,1,0.237807,0.241567,0.401111,0.434741,18.7948,60.5137,26.6695,0.211199
C-tri1,colorblind.io,tri1,palette (tritan),,tritan,#6C8CC4,1,#B09848,1,1,0.237807,0.241567,0.413984,0.439286,19.0279,62.0641,27.9275,0.231562
C-tri2,colorblind.io,tri2,palette (tritan),,tritan,#8868B4,1,#6E8A30,1,1,0.267439,0.211163,0.365678,0.494455,3.1857,16.3568,4.1212,0.04305
C-tri2,colorblind.io,tri2,palette (tritan),,tritan,#8868B4,1,#648028,1,1,0.267439,0.211163,0.36602,0.50147,3.5499,17.6059,4.5031,0.046924
C-tri2,colorblind.io,tri2,palette (tritan),,tritan,#8868B4,1,#769238,1,1,0.267439,0.211163,0.364226,0.48714,2.9818,15.6707,3.9095,0.040736
C-tri2,colorblind.io,tri2,palette (tritan),,tritan,#8868B4,1,#5C7824,1,1,0.267439,0.211163,0.364529,0.504216,3.9639,19.0253,4.9378,0.051049
C-tri2,colorblind.io,tri2,palette (tritan),,tritan,#8868B4,1,#6A8632,1,1,0.267439,0.211163,0.362165,0.48975,3.4857,17.5285,4.4563,0.045886
C-tri2,colorblind.io,tri2,palette (tritan),,tritan,#8868B4,1,#7E9A40,1,1,0.267439,0.211163,0.362726,0.480252,2.8082,15.074,3.7276,0.038718
C-tri2,colorblind.io,tri2,palette (tritan),,tritan,#8868B4,1,#567020,1,1,0.267439,0.211163,0.365749,0.505445,3.9597,18.5528,4.8673,0.049823
C-tri2,colorblind.io,tri2,palette (tritan),,tritan,#8868B4,1,#728E34,1,1,0.267439,0.211163,0.364961,0.490745,3.0796,16.0015,4.0113,0.041852
C-tri2,colorblind.io,tri2,palette (tritan),,tritan,#8868B4,1,#88A448,1,1,0.267439,0.211163,0.362215,0.474928,2.5669,14.1559,3.4621,0.035997
C-tri2,colorblind.io,tri2,palette (tritan),,tritan,#8868B4,1,#507018,1,1,0.267439,0.211163,0.362266,0.522244,5.1188,23.4433,6.224,0.065222
C-tri2,colorblind.io,tri2,palette (tritan),,tritan,#8868B4,1,#7C963C,1,1,0.267439,0.211163,0.365736,0.482388,2.5429,13.6068,3.3705,0.035018
C-tri2,colorblind.io,tri2,palette (tritan),,tritan,#8868B4,1,#8CA84C,1,1,0.267439,0.211163,0.361465,0.47189,2.5028,13.9237,3.3933,0.035213
C-tri2,colorblind.io,tri2,palette (tritan),,tritan,#7E60AC,1,#6E8A30,1,1,0.262695,0.204874,0.365678,0.494455,2.4426,12.7835,3.1842,0.035173
C-tri2,colorblind.io,tri2,palette (tritan),,tritan,#7E60AC,1,#648028,1,1,0.262695,0.204874,0.36602,0.50147,2.7783,14.0348,3.5474,0.039047
C-tri2,colorblind.io,tri2,palette (tritan),,tritan,#7E60AC,1,#769238,1,1,0.262695,0.204874,0.364226,0.48714,2.2538,12.0785,2.9797,0.032858
C-tri2,colorblind.io,tri2,palette (tritan),,tritan,#7E60AC,1,#5C7824,1,1,0.262695,0.204874,0.364529,0.504216,3.1594,15.4338,3.9568,0.043172
C-tri2,colorblind.io,tri2,palette (tritan),,tritan,#7E60AC,1,#6A8632,1,1,0.262695,0.204874,0.362165,0.48975,2.7111,13.8972,3.4907,0.038009
C-tri2,colorblind.io,tri2,palette (tritan),,tritan,#7E60AC,1,#7E9A40,1,1,0.262695,0.204874,0.362726,0.480252,2.0935,11.462,2.8035,0.030841
C-tri2,colorblind.io,tri2,palette (tritan),,tritan,#7E60AC,1,#567020,1,1,0.262695,0.204874,0.365749,0.505445,3.1487,14.9783,3.8862,0.041945
C-tri2,colorblind.io,tri2,palette (tritan),,tritan,#7E60AC,1,#728E34,1,1,0.262695,0.204874,0.364961,0.490745,2.3443,12.4189,3.078,0.033975
C-tri2,colorblind.io,tri2,palette (tritan),,tritan,#7E60AC,1,#88A448,1,1,0.262695,0.204874,0.362215,0.474928,1.8747,10.5439,2.5522,0.02812
C-tri2,colorblind.io,tri2,palette (tritan),,tritan,#7E60AC,1,#507018,1,1,0.262695,0.204874,0.362266,0.522244,4.2552,19.8649,5.1957,0.057345
C-tri2,colorblind.io,tri2,palette (tritan),,tritan,#7E60AC,1,#7C963C,1,1,0.262695,0.204874,0.365736,0.482388,1.8455,10.0575,2.467,0.02714
C-tri2,colorblind.io,tri2,palette (tritan),,tritan,#7E60AC,1,#8CA84C,1,1,0.262695,0.204874,0.361465,0.47189,1.8158,10.3017,2.4852,0.027336
C-tri2,colorblind.io,tri2,palette (tritan),,tritan,#9070BC,1,#6E8A30,1,1,0.269688,0.216263,0.365678,0.494455,3.3615,17.0437,4.3211,0.043109
C-tri2,colorblind.io,tri2,palette (tritan),,tritan,#9070BC,1,#648028,1,1,0.269688,0.216263,0.36602,0.50147,3.7384,18.3302,4.7164,0.046983
C-tri2,colorblind.io,tri2,palette (tritan),,tritan,#9070BC,1,#769238,1,1,0.269688,0.216263,0.364226,0.48714,3.1506,16.3402,4.1025,0.040795
C-tri2,colorblind.io,tri2,palette (tritan),,tritan,#9070BC,1,#5C7824,1,1,0.269688,0.216263,0.364529,0.504216,4.1667,19.7957,5.1671,0.051108
C-tri2,colorblind.io,tri2,palette (tritan),,tritan,#9070BC,1,#6A8632,1,1,0.269688,0.216263,0.362165,0.48975,3.6758,18.2635,4.6719,0.045945
C-tri2,colorblind.io,tri2,palette (tritan),,tritan,#9070BC,1,#7E9A40,1,1,0.269688,0.216263,0.362726,0.480252,2.9703,15.7286,3.9143,0.038777
C-tri2,colorblind.io,tri2,palette (tritan),,tritan,#9070BC,1,#567020,1,1,0.269688,0.216263,0.365749,0.505445,4.1546,19.3056,5.0893,0.049881
C-tri2,colorblind.io,tri2,palette (tritan),,tritan,#9070BC,1,#728E34,1,1,0.269688,0.216263,0.364961,0.490745,3.2518,16.6794,4.2076,0.041911
C-tri2,colorblind.io,tri2,palette (tritan),,tritan,#9070BC,1,#88A448,1,1,0.269688,0.216263,0.362215,0.474928,2.7178,14.7806,3.6379,0.036056
C-tri2,colorblind.io,tri2,palette (tritan),,tritan,#9070BC,1,#507018,1,1,0.269688,0.216263,0.362266,0.522244,5.3655,24.332,6.5007,0.065281
C-tri2,colorblind.io,tri2,palette (tritan),,tritan,#9070BC,1,#7C963C,1,1,0.269688,0.216263,0.365736,0.482388,2.6891,14.2019,3.5391,0.035076
C-tri2,colorblind.io,tri2,palette (tritan),,tritan,#9070BC,1,#8CA84C,1,1,0.269688,0.216263,0.361465,0.47189,2.6509,14.5426,3.5665,0.035272
C-tri2,colorblind.io,tri2,palette (tritan),,tritan,#7658A4,1,#6E8A30,1,1,0.259838,0.198778,0.365678,0.494455,2.2247,11.8314,2.9252,0.034178
C-tri2,colorblind.io,tri2,palette (tritan),,tritan,#7658A4,1,#648028,1,1,0.259838,0.198778,0.36602,0.50147,2.542,13.0373,3.2711,0.038052
C-tri2,colorblind.io,tri2,palette (tritan),,tritan,#7658A4,1,#769238,1,1,0.259838,0.198778,0.364226,0.48714,2.0464,11.1483,2.73,0.031864
C-tri2,colorblind.io,tri2,palette (tritan),,tritan,#7658A4,1,#5C7824,1,1,0.259838,0.198778,0.364529,0.504216,2.9028,14.3808,3.6604,0.042177
C-tri2,colorblind.io,tri2,palette (tritan),,tritan,#7658A4,1,#6A8632,1,1,0.259838,0.198778,0.362165,0.48975,2.4757,12.8894,3.2136,0.037014
C-tri2,colorblind.io,tri2,palette (tritan),,tritan,#7658A4,1,#7E9A40,1,1,0.259838,0.198778,0.362726,0.480252,1.8955,10.5507,2.562,0.029846
C-tri2,colorblind.io,tri2,palette (tritan),,tritan,#7658A4,1,#567020,1,1,0.259838,0.198778,0.365749,0.505445,2.8966,13.9461,3.5955,0.04095
C-tri2,colorblind.io,tri2,palette (tritan),,tritan,#7658A4,1,#728E34,1,1,0.259838,0.198778,0.364961,0.490745,2.1317,11.4782,2.8239,0.03298
C-tri2,colorblind.io,tri2,palette (tritan),,tritan,#7658A4,1,#88A448,1,1,0.259838,0.198778,0.362215,0.474928,1.6909,9.6683,2.3239,0.027125
C-tri2,colorblind.io,tri2,palette (tritan),,tritan,#7658A4,1,#507018,1,1,0.259838,0.198778,0.362266,0.522244,3.9428,18.6641,4.8427,0.05635
C-tri2,colorblind.io,tri2,palette (tritan),,tritan,#7658A4,1,#7C963C,1,1,0.259838,0.198778,0.365736,0.482388,1.6638,9.2146,2.2446,0.026145
C-tri2,colorblind.io,tri2,palette (tritan),,tritan,#7658A4,1,#8CA84C,1,1,0.259838,0.198778,0.361465,0.47189,1.6358,9.4335,2.2601,0.026341
C-tri2,colorblind.io,tri2,palette (tritan),,tritan,#8C6CB8,1,#6E8A30,1,1,0.26859,0.213765,0.365678,0.494455,3.2758,16.71,4.2237,0.043095
C-tri2,colorblind.io,tri2,palette (tritan),,tritan,#8C6CB8,1,#648028,1,1,0.26859,0.213765,0.36602,0.50147,3.6465,17.9781,4.6125,0.046969
C-tri2,colorblind.io,tri2,palette (tritan),,tritan,#8C6CB8,1,#769238,1,1,0.26859,0.213765,0.364226,0.48714,3.0682,16.0151,4.0085,0.040781
C-tri2,colorblind.io,tri2,palette (tritan),,tritan,#8C6CB8,1,#5C7824,1,1,0.26859,0.213765,0.364529,0.504216,4.068,19.4209,5.0554,0.051094
C-tri2,colorblind.io,tri2,palette (tritan),,tritan,#8C6CB8,1,#6A8632,1,1,0.26859,0.213765,0.362165,0.48975,3.5831,17.9061,4.5668,0.045931
C-tri2,colorblind.io,tri2,palette (tritan),,tritan,#8C6CB8,1,#7E9A40,1,1,0.26859,0.213765,0.362726,0.480252,2.8911,15.4108,3.8233,0.038763
C-tri2,colorblind.io,tri2,palette (tritan),,tritan,#8C6CB8,1,#567020,1,1,0.26859,0.213765,0.365749,0.505445,4.0599,18.9395,4.9813,0.049868
C-tri2,colorblind.io,tri2,palette (tritan),,tritan,#8C6CB8,1,#728E34,1,1,0.26859,0.213765,0.364961,0.490745,3.1678,16.3502,4.112,0.041898
C-tri2,colorblind.io,tri2,palette (tritan),,tritan,#8C6CB8,1,#88A448,1,1,0.26859,0.213765,0.362215,0.474928,2.644,14.4776,3.5523,0.036042
C-tri2,colorblind.io,tri2,palette (tritan),,tritan,#8C6CB8,1,#507018,1,1,0.26859,0.213765,0.362266,0.522244,5.2453,23.8991,6.3657,0.065267
C-tri2,colorblind.io,tri2,palette (tritan),,tritan,#8C6CB8,1,#7C963C,1,1,0.26859,0.213765,0.365736,0.482388,2.6178,13.9135,3.4571,0.035063
C-tri2,colorblind.io,tri2,palette (tritan),,tritan,#8C6CB8,1,#8CA84C,1,1,0.26859,0.213765,0.361465,0.47189,2.5785,14.2424,3.4822,0.035258
C-tri2,colorblind.io,tri2,palette (tritan),,tritan,#9474C0,1,#6E8A30,1,1,0.270735,0.218663,0.365678,0.494455,3.4432,17.3593,4.4136,0.043096
C-tri2,colorblind.io,tri2,palette (tritan),,tritan,#9474C0,1,#648028,1,1,0.270735,0.218663,0.36602,0.50147,3.8256,18.6636,4.8151,0.04697
C-tri2,colorblind.io,tri2,palette (tritan),,tritan,#9474C0,1,#769238,1,1,0.270735,0.218663,0.364226,0.48714,3.2291,16.6475,4.1918,0.040782
C-tri2,colorblind.io,tri2,palette (tritan),,tritan,#9474C0,1,#5C7824,1,1,0.270735,0.218663,0.364529,0.504216,4.2604,20.1512,5.2733,0.051096
C-tri2,colorblind.io,tri2,palette (tritan),,tritan,#9474C0,1,#6A8632,1,1,0.270735,0.218663,0.362165,0.48975,3.7641,18.6022,4.772,0.045932
C-tri2,colorblind.io,tri2,palette (tritan),,tritan,#9474C0,1,#7E9A40,1,1,0.270735,0.218663,0.362726,0.480252,3.0459,16.0286,4.0008,0.038764
C-tri2,colorblind.io,tri2,palette (tritan),,tritan,#9474C0,1,#567020,1,1,0.270735,0.218663,0.365749,0.505445,4.2442,19.6527,5.1918,0.049869
C-tri2,colorblind.io,tri2,palette (tritan),,tritan,#9474C0,1,#728E34,1,1,0.270735,0.218663,0.364961,0.490745,3.3319,16.9907,4.2985,0.041899
C-tri2,colorblind.io,tri2,palette (tritan),,tritan,#9474C0,1,#88A448,1,1,0.270735,0.218663,0.362215,0.474928,2.7883,15.0663,3.7192,0.036043
C-tri2,colorblind.io,tri2,palette (tritan),,tritan,#9474C0,1,#507018,1,1,0.270735,0.218663,0.362266,0.522244,5.4795,24.7435,6.6293,0.065268
C-tri2,colorblind.io,tri2,palette (tritan),,tritan,#9474C0,1,#7C963C,1,1,0.270735,0.218663,0.365736,0.482388,2.7568,14.4734,3.6167,0.035064
C-tri2,colorblind.io,tri2,palette (tritan),,tritan,#9474C0,1,#8CA84C,1,1,0.270735,0.218663,0.361465,0.47189,2.7201,14.8256,3.6467,0.035259
C-tri2,colorblind.io,tri2,palette (tritan),,tritan,#6C50A0,1,#6E8A30,1,1,0.250293,0.186337,0.365678,0.494455,0.9356,4.9938,1.2308,0.015923
C-tri2,colorblind.io,tri2,palette (tritan),,tritan,#6C50A0,1,#648028,1,1,0.250293,0.186337,0.36602,0.50147,1.1981,6.1611,1.54,0.019797
C-tri2,colorblind.io,tri2,palette (tritan),,tritan,#6C50A0,1,#769238,1,1,0.250293,0.186337,0.364226,0.48714,0.7868,4.3051,1.0514,0.013608
C-tri2,colorblind.io,tri2,palette (tritan),,tritan,#6C50A0,1,#5C7824,1,1,0.250293,0.186337,0.364529,0.504216,1.496,7.4257,1.8815,0.023922
C-tri2,colorblind.io,tri2,palette (tritan),,tritan,#6C50A0,1,#6A8632,1,1,0.250293,0.186337,0.362165,0.48975,1.1332,5.9229,1.4708,0.018759
C-tri2,colorblind.io,tri2,palette (tritan),,tritan,#6C50A0,1,#7E9A40,1,1,0.250293,0.186337,0.362726,0.480252,0.6612,3.698,0.8959,0.011591
C-tri2,colorblind.io,tri2,palette (tritan),,tritan,#6C50A0,1,#567020,1,1,0.250293,0.186337,0.365749,0.505445,1.4633,7.0333,1.8083,0.022695
C-tri2,colorblind.io,tri2,palette (tritan),,tritan,#6C50A0,1,#728E34,1,1,0.250293,0.186337,0.364961,0.490745,0.858,4.6383,1.1378,0.014725
C-tri2,colorblind.io,tri2,palette (tritan),,tritan,#6C50A0,1,#88A448,1,1,0.250293,0.186337,0.362215,0.474928,0.4956,2.8476,0.6834,0.00887
C-tri2,colorblind.io,tri2,palette (tritan),,tritan,#6C50A0,1,#507018,1,1,0.250293,0.186337,0.362266,0.522244,2.4349,11.5853,2.9775,0.038095
C-tri2,colorblind.io,tri2,palette (tritan),,tritan,#6C50A0,1,#7C963C,1,1,0.250293,0.186337,0.365736,0.482388,0.4514,2.5062,0.6102,0.00789
C-tri2,colorblind.io,tri2,palette (tritan),,tritan,#6C50A0,1,#8CA84C,1,1,0.250293,0.186337,0.361465,0.47189,0.4496,2.6061,0.6235,0.008086
C-tri2,colorblind.io,tri2,palette (tritan),,tritan,#7458A8,1,#6E8A30,1,1,0.253719,0.19314,0.365678,0.494455,1.1821,6.2056,1.5401,0.018697
C-tri2,colorblind.io,tri2,palette (tritan),,tritan,#7458A8,1,#648028,1,1,0.253719,0.19314,0.36602,0.50147,1.4675,7.4281,1.8695,0.02257
C-tri2,colorblind.io,tri2,palette (tritan),,tritan,#7458A8,1,#769238,1,1,0.253719,0.19314,0.364226,0.48714,1.0202,5.4887,1.3495,0.016382
C-tri2,colorblind.io,tri2,palette (tritan),,tritan,#7458A8,1,#5C7824,1,1,0.253719,0.19314,0.364529,0.504216,1.7906,8.7583,2.2341,0.026696
C-tri2,colorblind.io,tri2,palette (tritan),,tritan,#7458A8,1,#6A8632,1,1,0.253719,0.19314,0.362165,0.48975,1.3991,7.196,1.7992,0.021532
C-tri2,colorblind.io,tri2,palette (tritan),,tritan,#7458A8,1,#7E9A40,1,1,0.253719,0.19314,0.362726,0.480252,0.8832,4.8569,1.1844,0.014364
C-tri2,colorblind.io,tri2,palette (tritan),,tritan,#7458A8,1,#567020,1,1,0.253719,0.19314,0.365749,0.505445,1.7578,8.3423,2.1575,0.025469
C-tri2,colorblind.io,tri2,palette (tritan),,tritan,#7458A8,1,#728E34,1,1,0.253719,0.19314,0.364961,0.490745,1.0977,5.8355,1.4413,0.017499
C-tri2,colorblind.io,tri2,palette (tritan),,tritan,#7458A8,1,#88A448,1,1,0.253719,0.19314,0.362215,0.474928,0.7015,3.964,0.9573,0.011644
C-tri2,colorblind.io,tri2,palette (tritan),,tritan,#7458A8,1,#507018,1,1,0.253719,0.19314,0.362266,0.522244,2.7941,13.1028,3.3931,0.040868
C-tri2,colorblind.io,tri2,palette (tritan),,tritan,#7458A8,1,#7C963C,1,1,0.253719,0.19314,0.365736,0.482388,0.6574,3.5899,0.8796,0.010664
C-tri2,colorblind.io,tri2,palette (tritan),,tritan,#7458A8,1,#8CA84C,1,1,0.253719,0.19314,0.361465,0.47189,0.6512,3.7127,0.8937,0.010859
C-tri2,colorblind.io,tri2,palette (tritan),,tritan,#9878C4,1,#6E8A30,1,1,0.271736,0.220971,0.365678,0.494455,3.5209,17.6581,4.5016,0.043061
C-tri2,colorblind.io,tri2,palette (tritan),,tritan,#9878C4,1,#648028,1,1,0.271736,0.220971,0.36602,0.50147,3.9085,18.9797,4.9089,0.046935
C-tri2,colorblind.io,tri2,palette (tritan),,tritan,#9878C4,1,#769238,1,1,0.271736,0.220971,0.364226,0.48714,3.304,16.9382,4.2768,0.040747
C-tri2,colorblind.io,tri2,palette (tritan),,tritan,#9878C4,1,#5C7824,1,1,0.271736,0.220971,0.364529,0.504216,4.3493,20.4888,5.3743,0.051061
C-tri2,colorblind.io,tri2,palette (tritan),,tritan,#9878C4,1,#6A8632,1,1,0.271736,0.220971,0.362165,0.48975,3.8483,18.9236,4.8672,0.045897
C-tri2,colorblind.io,tri2,palette (tritan),,tritan,#9878C4,1,#7E9A40,1,1,0.271736,0.220971,0.362726,0.480252,3.1181,16.3124,4.0831,0.038729
C-tri2,colorblind.io,tri2,palette (tritan),,tritan,#9878C4,1,#567020,1,1,0.271736,0.220971,0.365749,0.505445,4.3289,19.982,5.2891,0.049834
C-tri2,colorblind.io,tri2,palette (tritan),,tritan,#9878C4,1,#728E34,1,1,0.271736,0.220971,0.364961,0.490745,3.4082,17.2853,4.3849,0.041864
C-tri2,colorblind.io,tri2,palette (tritan),,tritan,#9878C4,1,#88A448,1,1,0.271736,0.220971,0.362215,0.474928,2.8557,15.3361,3.7965,0.036008
C-tri2,colorblind.io,tri2,palette (tritan),,tritan,#9878C4,1,#507018,1,1,0.271736,0.220971,0.362266,0.522244,5.5878,25.1352,6.7518,0.065233
C-tri2,colorblind.io,tri2,palette (tritan),,tritan,#9878C4,1,#7C963C,1,1,0.271736,0.220971,0.365736,0.482388,2.8213,14.7291,3.6903,0.035029
C-tri2,colorblind.io,tri2,palette (tritan),,tritan,#9878C4,1,#8CA84C,1,1,0.271736,0.220971,0.361465,0.47189,2.7863,15.0926,3.7229,0.035224
C-tri2,colorblind.io,tri2,palette (tritan),,tritan,#6448A0,1,#6E8A30,1,1,0.239011,0.169703,0.365678,0.494455,0.2781,1.4529,0.3625,0.00536
C-tri2,colorblind.io,tri2,palette (tritan),,tritan,#6448A0,1,#648028,1,1,0.239011,0.169703,0.36602,0.50147,0.0798,0.4008,0.1014,0.001487
C-tri2,colorblind.io,tri2,palette (tritan),,tritan,#6448A0,1,#769238,1,1,0.239011,0.169703,0.364226,0.48714,0.3904,2.094,0.5176,0.007675
C-tri2,colorblind.io,tri2,palette (tritan),,tritan,#6448A0,1,#5C7824,1,1,0.239011,0.169703,0.364529,0.504216,0.147,0.711,0.1824,0.002639
C-tri2,colorblind.io,tri2,palette (tritan),,tritan,#6448A0,1,#6A8632,1,1,0.239011,0.169703,0.362165,0.48975,0.1347,0.689,0.1732,0.002525
C-tri2,colorblind.io,tri2,palette (tritan),,tritan,#6448A0,1,#7E9A40,1,1,0.239011,0.169703,0.362726,0.480252,0.4848,2.6619,0.6526,0.009693
C-tri2,colorblind.io,tri2,palette (tritan),,tritan,#6448A0,1,#567020,1,1,0.239011,0.169703,0.365749,0.505445,0.0814,0.3797,0.0991,0.001412
C-tri2,colorblind.io,tri2,palette (tritan),,tritan,#6448A0,1,#728E34,1,1,0.239011,0.169703,0.364961,0.490745,0.3368,1.7835,0.4428,0.006558
C-tri2,colorblind.io,tri2,palette (tritan),,tritan,#6448A0,1,#88A448,1,1,0.239011,0.169703,0.362215,0.474928,0.6061,3.4239,0.8315,0.012413
C-tri2,colorblind.io,tri2,palette (tritan),,tritan,#6448A0,1,#507018,1,1,0.239011,0.169703,0.362266,0.522244,0.9634,4.4743,1.1602,0.016811
C-tri2,colorblind.io,tri2,palette (tritan),,tritan,#6448A0,1,#7C963C,1,1,0.239011,0.169703,0.365736,0.482388,0.6728,3.6593,0.9029,0.013393
C-tri2,colorblind.io,tri2,palette (tritan),,tritan,#6448A0,1,#8CA84C,1,1,0.239011,0.169703,0.361465,0.47189,0.6405,3.6514,0.8841,0.013198
C-tri2,colorblind.io,tri2,palette (tritan),,tritan,#8464B0,1,#6E8A30,1,1,0.266231,0.208452,0.365678,0.494455,3.0912,15.9824,4.0132,0.042968
C-tri2,colorblind.io,tri2,palette (tritan),,tritan,#8464B0,1,#648028,1,1,0.266231,0.208452,0.36602,0.50147,3.4483,17.2121,4.3878,0.046842
C-tri2,colorblind.io,tri2,palette (tritan),,tritan,#8464B0,1,#769238,1,1,0.266231,0.208452,0.364226,0.48714,2.8914,15.3054,3.8053,0.040654
C-tri2,colorblind.io,tri2,palette (tritan),,tritan,#8464B0,1,#5C7824,1,1,0.266231,0.208452,0.364529,0.504216,3.8544,18.6073,4.814,0.050967
C-tri2,colorblind.io,tri2,palette (tritan),,tritan,#8464B0,1,#6A8632,1,1,0.266231,0.208452,0.362165,0.48975,3.3836,17.129,4.34,0.045804
C-tri2,colorblind.io,tri2,palette (tritan),,tritan,#8464B0,1,#7E9A40,1,1,0.266231,0.208452,0.362726,0.480252,2.7214,14.7166,3.6268,0.038636
C-tri2,colorblind.io,tri2,palette (tritan),,tritan,#8464B0,1,#567020,1,1,0.266231,0.208452,0.365749,0.505445,3.8538,18.1439,4.747,0.049741
C-tri2,colorblind.io,tri2,palette (tritan),,tritan,#8464B0,1,#728E34,1,1,0.266231,0.208452,0.364961,0.490745,2.9872,15.6318,3.9053,0.04177
C-tri2,colorblind.io,tri2,palette (tritan),,tritan,#8464B0,1,#88A448,1,1,0.266231,0.208452,0.362215,0.474928,2.4861,13.8139,3.3671,0.035915
C-tri2,colorblind.io,tri2,palette (tritan),,tritan,#8464B0,1,#507018,1,1,0.266231,0.208452,0.362266,0.522244,4.9856,22.9628,6.0751,0.06514
C-tri2,colorblind.io,tri2,palette (tritan),,tritan,#8464B0,1,#7C963C,1,1,0.266231,0.208452,0.365736,0.482388,2.4643,13.2803,3.2789,0.034935
C-tri2,colorblind.io,tri2,palette (tritan),,tritan,#8464B0,1,#8CA84C,1,1,0.266231,0.208452,0.361465,0.47189,2.4237,13.5848,3.2997,0.035131
C-tri2,colorblind.io,tri2,palette (tritan),,tritan,#9C7CC8,1,#6E8A30,1,1,0.272693,0.223189,0.365678,0.494455,3.5948,17.9413,4.5852,0.043008
C-tri2,colorblind.io,tri2,palette (tritan),,tritan,#9C7CC8,1,#648028,1,1,0.272693,0.223189,0.36602,0.50147,3.9873,19.2797,4.9982,0.046881
C-tri2,colorblind.io,tri2,palette (tritan),,tritan,#9C7CC8,1,#769238,1,1,0.272693,0.223189,0.364226,0.48714,3.3754,17.2135,4.3576,0.040693
C-tri2,colorblind.io,tri2,palette (tritan),,tritan,#9C7CC8,1,#5C7824,1,1,0.272693,0.223189,0.364529,0.504216,4.4336,20.8096,5.4703,0.051007
C-tri2,colorblind.io,tri2,palette (tritan),,tritan,#9C7CC8,1,#6A8632,1,1,0.272693,0.223189,0.362165,0.48975,3.9283,19.2287,4.9579,0.045843
C-tri2,colorblind.io,tri2,palette (tritan),,tritan,#9C7CC8,1,#7E9A40,1,1,0.272693,0.223189,0.362726,0.480252,3.1871,16.5809,4.1614,0.038675
C-tri2,colorblind.io,tri2,palette (tritan),,tritan,#9C7CC8,1,#567020,1,1,0.272693,0.223189,0.365749,0.505445,4.4089,20.2949,5.3814,0.04978
C-tri2,colorblind.io,tri2,palette (tritan),,tritan,#9C7CC8,1,#728E34,1,1,0.272693,0.223189,0.364961,0.490745,3.4808,17.5644,4.4671,0.04181
C-tri2,colorblind.io,tri2,palette (tritan),,tritan,#9C7CC8,1,#88A448,1,1,0.272693,0.223189,0.362215,0.474928,2.9201,15.591,3.87,0.035955
C-tri2,colorblind.io,tri2,palette (tritan),,tritan,#9C7CC8,1,#507018,1,1,0.272693,0.223189,0.362266,0.522244,5.6905,25.5084,6.8687,0.065179
C-tri2,colorblind.io,tri2,palette (tritan),,tritan,#9C7CC8,1,#7C963C,1,1,0.272693,0.223189,0.365736,0.482388,2.8826,14.9703,3.76,0.034975
C-tri2,colorblind.io,tri2,palette (tritan),,tritan,#9C7CC8,1,#8CA84C,1,1,0.272693,0.223189,0.361465,0.47189,2.8496,15.3448,3.7953,0.03517
C-tri3,colorblind.io,tri3,palette (tritan),,tritan,#5C7CC0,1,#9A8020,1,1,0.224029,0.217253,0.441229,0.46414,19.1314,60.6513,27.0962,0.283275
C-tri3,colorblind.io,tri3,palette (tritan),,tritan,#5C7CC0,1,#928828,1,1,0.224029,0.217253,0.417318,0.473472,16.1642,55.8869,22.4384,0.230503
C-tri3,colorblind.io,tri3,palette (tritan),,tritan,#5C7CC0,1,#A48830,1,1,0.224029,0.217253,0.433764,0.452538,18.9881,61.0215,27.284,0.281683
C-tri3,colorblind.io,tri3,palette (tritan),,tritan,#5C7CC0,1,#8C7A1C,1,1,0.224029,0.217253,0.433437,0.471854,18.4034,58.6678,25.3392,0.261068
C-tri3,colorblind.io,tri3,palette (tritan),,tritan,#5C7CC0,1,#968224,1,1,0.224029,0.217253,0.431541,0.466636,18.1248,59.0212,25.4188,0.262815
C-tri3,colorblind.io,tri3,palette (tritan),,tritan,#5C7CC0,1,#9E8C2C,1,1,0.224029,0.217253,0.424949,0.465323,17.1311,58.1922,24.3382,0.252032
C-tri3,colorblind.io,tri3,palette (tritan),,tritan,#5C7CC0,1,#B09838,1,1,0.224029,0.217253,0.425418,0.455715,17.2332,59.4655,25.2177,0.262552
C-tri3,colorblind.io,tri3,palette (tritan),,tritan,#5C7CC0,1,#867418,1,1,0.224029,0.217253,0.435706,0.472814,18.9268,58.8816,25.7636,0.264227
C-tri3,colorblind.io,tri3,palette (tritan),,tritan,#5C7CC0,1,#A89030,1,1,0.224029,0.217253,0.429718,0.459213,17.7028,59.6598,25.6109,0.266999
C-tri3,colorblind.io,tri3,palette (tritan),,tritan,#5C7CC0,1,#7C6C14,1,1,0.224029,0.217253,0.43532,0.475054,19.3165,58.5591,25.7604,0.261313
C-tri3,colorblind.io,tri3,palette (tritan),,tritan,#5C7CC0,1,#B49C3C,1,1,0.224029,0.217253,0.423336,0.453951,17.0195,59.377,25.0389,0.260448
C-tri3,colorblind.io,tri3,palette (tritan),,tritan,#5C7CC0,1,#908028,1,1,0.224029,0.217253,0.42384,0.465287,17.7723,58.0236,24.5834,0.250035
C-tri3,colorblind.io,tri3,palette (tritan),,tritan,#5274B8,1,#9A8020,1,1,0.218964,0.21144,0.441229,0.46414,18.9057,60.6383,26.9625,0.296876
C-tri3,colorblind.io,tri3,palette (tritan),,tritan,#5274B8,1,#928828,1,1,0.218964,0.21144,0.417318,0.473472,16.1328,56.1333,22.5473,0.244104
C-tri3,colorblind.io,tri3,palette (tritan),,tritan,#5274B8,1,#A48830,1,1,0.218964,0.21144,0.433764,0.452538,18.7386,60.9906,27.1239,0.295284
C-tri3,colorblind.io,tri3,palette (tritan),,tritan,#5274B8,1,#8C7A1C,1,1,0.218964,0.21144,0.433437,0.471854,18.2881,58.7541,25.3268,0.274669
C-tri3,colorblind.io,tri3,palette (tritan),,tritan,#5274B8,1,#968224,1,1,0.218964,0.21144,0.431541,0.466636,17.9737,59.0895,25.3761,0.276416
C-tri3,colorblind.io,tri3,palette (tritan),,tritan,#5274B8,1,#9E8C2C,1,1,0.218964,0.21144,0.424949,0.465323,16.9991,58.3056,24.3296,0.265633
C-tri3,colorblind.io,tri3,palette (tritan),,tritan,#5274B8,1,#B09838,1,1,0.218964,0.21144,0.425418,0.455715,17.0381,59.5117,25.1355,0.276153
C-tri3,colorblind.io,tri3,palette (tritan),,tritan,#5274B8,1,#867418,1,1,0.218964,0.21144,0.435706,0.472814,18.8233,58.9566,25.7518,0.277828
C-tri3,colorblind.io,tri3,palette (tritan),,tritan,#5274B8,1,#A89030,1,1,0.218964,0.21144,0.429718,0.459213,17.5027,59.6958,25.5206,0.2806
C-tri3,colorblind.io,tri3,palette (tritan),,tritan,#5274B8,1,#7C6C14,1,1,0.218964,0.21144,0.43532,0.475054,19.2655,58.6507,25.7867,0.274914
C-tri3,colorblind.io,tri3,palette (tritan),,tritan,#5274B8,1,#B49C3C,1,1,0.218964,0.21144,0.423336,0.453951,16.8277,59.4281,24.9611,0.274049
C-tri3,colorblind.io,tri3,palette (tritan),,tritan,#5274B8,1,#908028,1,1,0.218964,0.21144,0.42384,0.465287,17.6763,58.1464,24.6006,0.263636
C-tri3,colorblind.io,tri3,palette (tritan),,tritan,#6484C8,1,#9A8020,1,1,0.227471,0.222242,0.441229,0.46414,19.5509,60.9134,27.4974,0.275296
C-tri3,colorblind.io,tri3,palette (tritan),,tritan,#6484C8,1,#928828,1,1,0.227471,0.222242,0.417318,0.473472,16.4173,56.0091,22.6377,0.222524
C-tri3,colorblind.io,tri3,palette (tritan),,tritan,#6484C8,1,#A48830,1,1,0.227471,0.222242,0.433764,0.452538,19.4293,61.2983,27.7122,0.273704
C-tri3,colorblind.io,tri3,palette (tritan),,tritan,#6484C8,1,#8C7A1C,1,1,0.227471,0.222242,0.433437,0.471854,18.7314,58.8767,25.6396,0.253089
C-tri3,colorblind.io,tri3,palette (tritan),,tritan,#6484C8,1,#968224,1,1,0.227471,0.222242,0.431541,0.466636,18.4814,59.2419,25.7454,0.254836
C-tri3,colorblind.io,tri3,palette (tritan),,tritan,#6484C8,1,#9E8C2C,1,1,0.227471,0.222242,0.424949,0.465323,17.4689,58.3903,24.6368,0.244053
C-tri3,colorblind.io,tri3,palette (tritan),,tritan,#6484C8,1,#B09838,1,1,0.227471,0.222242,0.425418,0.455715,17.6227,59.7031,25.5795,0.254573
C-tri3,colorblind.io,tri3,palette (tritan),,tritan,#6484C8,1,#867418,1,1,0.227471,0.222242,0.435706,0.472814,19.247,59.0961,26.0636,0.256248
C-tri3,colorblind.io,tri3,palette (tritan),,tritan,#6484C8,1,#A89030,1,1,0.227471,0.222242,0.429718,0.459213,18.0978,59.9007,25.9784,0.25902
C-tri3,colorblind.io,tri3,palette (tritan),,tritan,#6484C8,1,#7C6C14,1,1,0.227471,0.222242,0.43532,0.475054,19.596,58.7638,26.0295,0.253334
C-tri3,colorblind.io,tri3,palette (tritan),,tritan,#6484C8,1,#B49C3C,1,1,0.227471,0.222242,0.423336,0.453951,17.4054,59.6132,25.3976,0.252469
C-tri3,colorblind.io,tri3,palette (tritan),,tritan,#6484C8,1,#908028,1,1,0.227471,0.222242,0.42384,0.465287,18.0851,58.2168,24.8629,0.242056
C-tri3,colorblind.io,tri3,palette (tritan),,tritan,#4A6CB0,1,#9A8020,1,1,0.215004,0.20551,0.441229,0.46414,18.3801,60.3058,26.4589,0.306936
C-tri3,colorblind.io,tri3,palette (tritan),,tritan,#4A6CB0,1,#928828,1,1,0.215004,0.20551,0.417318,0.473472,15.7887,55.9464,22.2644,0.254163
C-tri3,colorblind.io,tri3,palette (tritan),,tritan,#4A6CB0,1,#A48830,1,1,0.215004,0.20551,0.433764,0.452538,18.1993,60.6421,26.596,0.305343
C-tri3,colorblind.io,tri3,palette (tritan),,tritan,#4A6CB0,1,#8C7A1C,1,1,0.215004,0.20551,0.433437,0.471854,17.8517,58.4779,24.9284,0.284729
C-tri3,colorblind.io,tri3,palette (tritan),,tritan,#4A6CB0,1,#968224,1,1,0.215004,0.20551,0.431541,0.466636,17.5157,58.8008,24.9536,0.286476
C-tri3,colorblind.io,tri3,palette (tritan),,tritan,#4A6CB0,1,#9E8C2C,1,1,0.215004,0.20551,0.424949,0.465323,16.5708,58.0403,23.9424,0.275693
C-tri3,colorblind.io,tri3,palette (tritan),,tritan,#4A6CB0,1,#B09838,1,1,0.215004,0.20551,0.425418,0.455715,16.5682,59.2048,24.6872,0.286212
C-tri3,colorblind.io,tri3,palette (tritan),,tritan,#4A6CB0,1,#867418,1,1,0.215004,0.20551,0.435706,0.472814,18.3887,58.6747,25.3505,0.287888
C-tri3,colorblind.io,tri3,palette (tritan),,tritan,#4A6CB0,1,#A89030,1,1,0.215004,0.20551,0.429718,0.459213,17.0196,59.3856,25.0622,0.29066
C-tri3,colorblind.io,tri3,palette (tritan),,tritan,#4A6CB0,1,#7C6C14,1,1,0.215004,0.20551,0.43532,0.475054,18.8669,58.3791,25.4152,0.284973
C-tri3,colorblind.io,tri3,palette (tritan),,tritan,#4A6CB0,1,#B49C3C,1,1,0.215004,0.20551,0.423336,0.453951,16.3648,59.1226,24.5179,0.284108
C-tri3,colorblind.io,tri3,palette (tritan),,tritan,#4A6CB0,1,#908028,1,1,0.215004,0.20551,0.42384,0.465287,17.2619,57.8861,24.2275,0.273695
C-tri3,colorblind.io,tri3,palette (tritan),,tritan,#5878BC,1,#9A8020,1,1,0.222218,0.214598,0.441229,0.46414,18.9043,60.5086,26.8792,0.287588
C-tri3,colorblind.io,tri3,palette (tritan),,tritan,#5878BC,1,#928828,1,1,0.222218,0.214598,0.417318,0.473472,16.0234,55.816,22.326,0.234816
C-tri3,colorblind.io,tri3,palette (tritan),,tritan,#5878BC,1,#A48830,1,1,0.222218,0.214598,0.433764,0.452538,18.7514,60.8712,27.0538,0.285996
C-tri3,colorblind.io,tri3,palette (tritan),,tritan,#5878BC,1,#8C7A1C,1,1,0.222218,0.214598,0.433437,0.471854,18.2219,58.5524,25.1736,0.265381
C-tri3,colorblind.io,tri3,palette (tritan),,tritan,#5878BC,1,#968224,1,1,0.222218,0.214598,0.431541,0.466636,17.9301,58.8998,25.2403,0.267129
C-tri3,colorblind.io,tri3,palette (tritan),,tritan,#5878BC,1,#9E8C2C,1,1,0.222218,0.214598,0.424949,0.465323,16.9477,58.0824,24.1751,0.256345
C-tri3,colorblind.io,tri3,palette (tritan),,tritan,#5878BC,1,#B09838,1,1,0.222218,0.214598,0.425418,0.455715,17.0256,59.3354,25.0232,0.266865
C-tri3,colorblind.io,tri3,palette (tritan),,tritan,#5878BC,1,#867418,1,1,0.222218,0.214598,0.435706,0.472814,18.7484,58.7635,25.5977,0.26854
C-tri3,colorblind.io,tri3,palette (tritan),,tritan,#5878BC,1,#A89030,1,1,0.222218,0.214598,0.429718,0.459213,17.491,59.5281,25.4128,0.271312
C-tri3,colorblind.io,tri3,palette (tritan),,tritan,#5878BC,1,#7C6C14,1,1,0.222218,0.214598,0.43532,0.475054,19.1578,58.4459,25.6099,0.265626
C-tri3,colorblind.io,tri3,palette (tritan),,tritan,#5878BC,1,#B49C3C,1,1,0.222218,0.214598,0.423336,0.453951,16.8142,59.2477,24.8463,0.264761
C-tri3,colorblind.io,tri3,palette (tritan),,tritan,#5878BC,1,#908028,1,1,0.222218,0.214598,0.42384,0.465287,17.5997,57.9163,24.4291,0.254348
C-tri3,colorblind.io,tri3,palette (tritan),,tritan,#6888C4,1,#9A8020,1,1,0.233816,0.234389,0.441229,0.46414,19.9842,62.1195,28.5471,0.263989
C-tri3,colorblind.io,tri3,palette (tritan),,tritan,#6888C4,1,#928828,1,1,0.233816,0.234389,0.417318,0.473472,16.6446,57.0964,23.332,0.211217
C-tri3,colorblind.io,tri3,palette (tritan),,tritan,#6888C4,1,#A48830,1,1,0.233816,0.234389,0.433764,0.452538,19.9319,62.5381,28.8426,0.262397
C-tri3,colorblind.io,tri3,palette (tritan),,tritan,#6888C4,1,#8C7A1C,1,1,0.233816,0.234389,0.433437,0.471854,19.0372,60.0387,26.5107,0.241782
C-tri3,colorblind.io,tri3,palette (tritan),,tritan,#6888C4,1,#968224,1,1,0.233816,0.234389,0.431541,0.466636,18.84,60.4226,26.6704,0.243529
C-tri3,colorblind.io,tri3,palette (tritan),,tritan,#6888C4,1,#9E8C2C,1,1,0.233816,0.234389,0.424949,0.465323,17.8219,59.559,25.5201,0.232746
C-tri3,colorblind.io,tri3,palette (tritan),,tritan,#6888C4,1,#B09838,1,1,0.233816,0.234389,0.425418,0.455715,18.0833,60.9191,26.6014,0.243266
C-tri3,colorblind.io,tri3,palette (tritan),,tritan,#6888C4,1,#867418,1,1,0.233816,0.234389,0.435706,0.472814,19.5384,60.2595,26.9363,0.244941
C-tri3,colorblind.io,tri3,palette (tritan),,tritan,#6888C4,1,#A89030,1,1,0.233816,0.234389,0.429718,0.459213,18.5409,61.1098,26.9937,0.247713
C-tri3,colorblind.io,tri3,palette (tritan),,tritan,#6888C4,1,#7C6C14,1,1,0.233816,0.234389,0.43532,0.475054,19.8362,59.9163,26.8569,0.242027
C-tri3,colorblind.io,tri3,palette (tritan),,tritan,#6888C4,1,#B49C3C,1,1,0.233816,0.234389,0.423336,0.453951,17.8745,60.8328,26.4232,0.241162
C-tri3,colorblind.io,tri3,palette (tritan),,tritan,#6888C4,1,#908028,1,1,0.233816,0.234389,0.42384,0.465287,18.3945,59.382,25.7155,0.230749
C-tri3,colorblind.io,tri3,palette (tritan),,tritan,#4060A8,1,#9A8020,1,1,0.207661,0.190846,0.441229,0.46414,17.1861,58.8375,24.9049,0.324442
C-tri3,colorblind.io,tri3,palette (tritan),,tritan,#4060A8,1,#928828,1,1,0.207661,0.190846,0.417318,0.473472,14.9072,54.6379,21.1378,0.271669
C-tri3,colorblind.io,tri3,palette (tritan),,tritan,#4060A8,1,#A48830,1,1,0.207661,0.190846,0.433764,0.452538,16.9713,59.1385,24.9817,0.322849
C-tri3,colorblind.io,tri3,palette (tritan),,tritan,#4060A8,1,#8C7A1C,1,1,0.207661,0.190846,0.433437,0.471854,16.8051,57.0722,23.5746,0.302235
C-tri3,colorblind.io,tri3,palette (tritan),,tritan,#4060A8,1,#968224,1,1,0.207661,0.190846,0.431541,0.466636,16.4348,57.3741,23.5532,0.303982
C-tri3,colorblind.io,tri3,palette (tritan),,tritan,#4060A8,1,#9E8C2C,1,1,0.207661,0.190846,0.424949,0.465323,15.5437,56.6338,22.6107,0.293199
C-tri3,colorblind.io,tri3,palette (tritan),,tritan,#4060A8,1,#B09838,1,1,0.207661,0.190846,0.425418,0.455715,15.4657,57.7411,23.23,0.303719
C-tri3,colorblind.io,tri3,palette (tritan),,tritan,#4060A8,1,#867418,1,1,0.207661,0.190846,0.435706,0.472814,17.3396,57.2654,23.9875,0.305394
C-tri3,colorblind.io,tri3,palette (tritan),,tritan,#4060A8,1,#A89030,1,1,0.207661,0.190846,0.429718,0.459213,15.8976,57.9258,23.5905,0.308166
C-tri3,colorblind.io,tri3,palette (tritan),,tritan,#4060A8,1,#7C6C14,1,1,0.207661,0.190846,0.43532,0.475054,17.8683,56.9833,24.1018,0.302479
C-tri3,colorblind.io,tri3,palette (tritan),,tritan,#4060A8,1,#B49C3C,1,1,0.207661,0.190846,0.423336,0.453951,15.2723,57.6567,23.0677,0.301614
C-tri3,colorblind.io,tri3,palette (tritan),,tritan,#4060A8,1,#908028,1,1,0.207661,0.190846,0.42384,0.465287,16.247,56.4847,22.9144,0.291201
C-tri3,colorblind.io,tri3,palette (tritan),,tritan,#4868B0,1,#9A8020,1,1,0.212022,0.197671,0.441229,0.46414,17.7797,59.2577,25.4848,0.312321
C-tri3,colorblind.io,tri3,palette (tritan),,tritan,#4868B0,1,#928828,1,1,0.212022,0.197671,0.417318,0.473472,15.3113,54.8987,21.4844,0.259549
C-tri3,colorblind.io,tri3,palette (tritan),,tritan,#4868B0,1,#A48830,1,1,0.212022,0.197671,0.433764,0.452538,17.5709,59.5758,25.5819,0.310729
C-tri3,colorblind.io,tri3,palette (tritan),,tritan,#4868B0,1,#8C7A1C,1,1,0.212022,0.197671,0.433437,0.471854,17.3146,57.4302,24.048,0.290115
C-tri3,colorblind.io,tri3,palette (tritan),,tritan,#4868B0,1,#968224,1,1,0.212022,0.197671,0.431541,0.466636,16.9587,57.7456,24.0475,0.291862
C-tri3,colorblind.io,tri3,palette (tritan),,tritan,#4868B0,1,#9E8C2C,1,1,0.212022,0.197671,0.424949,0.465323,16.0292,56.9794,23.0634,0.281079
C-tri3,colorblind.io,tri3,palette (tritan),,tritan,#4868B0,1,#B09838,1,1,0.212022,0.197671,0.425418,0.455715,15.9836,58.1321,23.7408,0.291598
C-tri3,colorblind.io,tri3,palette (tritan),,tritan,#4868B0,1,#867418,1,1,0.212022,0.197671,0.435706,0.472814,17.853,57.6296,24.467,0.293274
C-tri3,colorblind.io,tri3,palette (tritan),,tritan,#4868B0,1,#A89030,1,1,0.212022,0.197671,0.429718,0.459213,16.4345,58.3207,24.1151,0.296046
C-tri3,colorblind.io,tri3,palette (tritan),,tritan,#4868B0,1,#7C6C14,1,1,0.212022,0.197671,0.43532,0.475054,18.3526,57.3363,24.5542,0.290359
C-tri3,colorblind.io,tri3,palette (tritan),,tritan,#4868B0,1,#B49C3C,1,1,0.212022,0.197671,0.423336,0.453951,15.7806,58.0459,23.5716,0.289494
C-tri3,colorblind.io,tri3,palette (tritan),,tritan,#4868B0,1,#908028,1,1,0.212022,0.197671,0.42384,0.465287,16.7287,56.8248,23.358,0.279081
C-tri3,colorblind.io,tri3,palette (tritan),,tritan,#7090D0,1,#9A8020,1,1,0.234499,0.233703,0.441229,0.46414,20.2073,61.7746,28.4327,0.261109
C-tri3,colorblind.io,tri3,palette (tritan),,tritan,#7090D0,1,#928828,1,1,0.234499,0.233703,0.417318,0.473472,16.7772,56.6429,23.1616,0.208336
C-tri3,colorblind.io,tri3,palette (tritan),,tritan,#7090D0,1,#A48830,1,1,0.234499,0.233703,0.433764,0.452538,20.1506,62.1933,28.7217,0.259516
C-tri3,colorblind.io,tri3,palette (tritan),,tritan,#7090D0,1,#8C7A1C,1,1,0.234499,0.233703,0.433437,0.471854,19.2126,59.6528,26.3666,0.238902
C-tri3,colorblind.io,tri3,palette (tritan),,tritan,#7090D0,1,#968224,1,1,0.234499,0.233703,0.431541,0.466636,19.0268,60.0411,26.532,0.240649
C-tri3,colorblind.io,tri3,palette (tritan),,tritan,#7090D0,1,#9E8C2C,1,1,0.234499,0.233703,0.424949,0.465323,17.9942,59.1563,25.3723,0.229866
C-tri3,colorblind.io,tri3,palette (tritan),,tritan,#7090D0,1,#B09838,1,1,0.234499,0.233703,0.425418,0.455715,18.2699,60.5396,26.4616,0.240386
C-tri3,colorblind.io,tri3,palette (tritan),,tritan,#7090D0,1,#867418,1,1,0.234499,0.233703,0.435706,0.472814,19.709,59.8794,26.7896,0.242061
C-tri3,colorblind.io,tri3,palette (tritan),,tritan,#7090D0,1,#A89030,1,1,0.234499,0.233703,0.429718,0.459213,18.7388,60.7378,26.8617,0.244833
C-tri3,colorblind.io,tri3,palette (tritan),,tritan,#7090D0,1,#7C6C14,1,1,0.234499,0.233703,0.43532,0.475054,19.9817,59.5302,26.6957,0.239146
C-tri3,colorblind.io,tri3,palette (tritan),,tritan,#7090D0,1,#B49C3C,1,1,0.234499,0.233703,0.423336,0.453951,18.0546,60.4496,26.2789,0.238282
C-tri3,colorblind.io,tri3,palette (tritan),,tritan,#7090D0,1,#908028,1,1,0.234499,0.233703,0.42384,0.465287,18.5526,58.9751,25.5574,0.227868
C-tri3,colorblind.io,tri3,palette (tritan),,tritan,#3858A0,1,#9A8020,1,1,0.203017,0.183408,0.441229,0.46414,16.5398,58.3585,24.2653,0.338142
C-tri3,colorblind.io,tri3,palette (tritan),,tritan,#3858A0,1,#928828,1,1,0.203017,0.183408,0.417318,0.473472,14.4554,54.3239,20.7405,0.28537
C-tri3,colorblind.io,tri3,palette (tritan),,tritan,#3858A0,1,#A48830,1,1,0.203017,0.183408,0.433764,0.452538,16.3253,58.6416,24.325,0.33655
C-tri3,colorblind.io,tri3,palette (tritan),,tritan,#3858A0,1,#8C7A1C,1,1,0.203017,0.183408,0.433437,0.471854,16.237,56.6582,23.0414,0.315935
C-tri3,colorblind.io,tri3,palette (tritan),,tritan,#3858A0,1,#968224,1,1,0.203017,0.183408,0.431541,0.466636,15.8593,56.9459,23.0024,0.317683
C-tri3,colorblind.io,tri3,palette (tritan),,tritan,#3858A0,1,#9E8C2C,1,1,0.203017,0.183408,0.424949,0.465323,15.0136,56.2325,22.1063,0.3069
C-tri3,colorblind.io,tri3,palette (tritan),,tritan,#3858A0,1,#B09838,1,1,0.203017,0.183408,0.425418,0.455715,14.911,57.2927,22.6704,0.317419
C-tri3,colorblind.io,tri3,palette (tritan),,tritan,#3858A0,1,#867418,1,1,0.203017,0.183408,0.435706,0.472814,16.7621,56.8449,23.445,0.319095
C-tri3,colorblind.io,tri3,palette (tritan),,tritan,#3858A0,1,#A89030,1,1,0.203017,0.183408,0.429718,0.459213,15.3194,57.4734,23.0142,0.321867
C-tri3,colorblind.io,tri3,palette (tritan),,tritan,#3858A0,1,#7C6C14,1,1,0.203017,0.183408,0.43532,0.475054,17.3124,56.5743,23.5833,0.31618
C-tri3,colorblind.io,tri3,palette (tritan),,tritan,#3858A0,1,#B49C3C,1,1,0.203017,0.183408,0.423336,0.453951,14.7292,57.21,22.5162,0.315315
C-tri3,colorblind.io,tri3,palette (tritan),,tritan,#3858A0,1,#908028,1,1,0.203017,0.183408,0.42384,0.465287,15.7116,56.0892,22.4146,0.304902
C-tri3,colorblind.io,tri3,palette (tritan),,tritan,#5474B4,1,#9A8020,1,1,0.222723,0.216966,0.441229,0.46414,18.7795,60.9364,27.0837,0.287714
C-tri3,colorblind.io,tri3,palette (tritan),,tritan,#5474B4,1,#928828,1,1,0.222723,0.216966,0.417318,0.473472,15.9304,56.2884,22.517,0.234942
C-tri3,colorblind.io,tri3,palette (tritan),,tritan,#5474B4,1,#A48830,1,1,0.222723,0.216966,0.433764,0.452538,18.6475,61.3041,27.2777,0.286122
C-tri3,colorblind.io,tri3,palette (tritan),,tritan,#5474B4,1,#8C7A1C,1,1,0.222723,0.216966,0.433437,0.471854,18.1019,58.9973,25.3678,0.265507
C-tri3,colorblind.io,tri3,palette (tritan),,tritan,#5474B4,1,#968224,1,1,0.222723,0.216966,0.431541,0.466636,17.8182,59.345,25.4423,0.267255
C-tri3,colorblind.io,tri3,palette (tritan),,tritan,#5474B4,1,#9E8C2C,1,1,0.222723,0.216966,0.424949,0.465323,16.8525,58.538,24.381,0.256471
C-tri3,colorblind.io,tri3,palette (tritan),,tritan,#5474B4,1,#B09838,1,1,0.222723,0.216966,0.425418,0.455715,16.9482,59.7849,25.2497,0.266991
C-tri3,colorblind.io,tri3,palette (tritan),,tritan,#5474B4,1,#867418,1,1,0.222723,0.216966,0.435706,0.472814,18.6237,59.2053,25.7911,0.268666
C-tri3,colorblind.io,tri3,palette (tritan),,tritan,#5474B4,1,#A89030,1,1,0.222723,0.216966,0.429718,0.459213,17.3976,59.9721,25.6303,0.271438
C-tri3,colorblind.io,tri3,palette (tritan),,tritan,#5474B4,1,#7C6C14,1,1,0.222723,0.216966,0.43532,0.475054,19.0347,58.8895,25.8029,0.265752
C-tri3,colorblind.io,tri3,palette (tritan),,tritan,#5474B4,1,#B49C3C,1,1,0.222723,0.216966,0.423336,0.453951,16.745,59.6998,25.0776,0.264887
C-tri3,colorblind.io,tri3,palette (tritan),,tritan,#5474B4,1,#908028,1,1,0.222723,0.216966,0.42384,0.465287,17.4964,58.3738,24.6318,0.254474
C-tri3,colorblind.io,tri3,palette (tritan),,tritan,#6C8CCC,1,#9A8020,1,1,0.232988,0.2316,0.441229,0.46414,20.0356,61.6744,28.27,0.264363
C-tri3,colorblind.io,tri3,palette (tritan),,tritan,#6C8CCC,1,#928828,1,1,0.232988,0.2316,0.417318,0.473472,16.6822,56.6082,23.092,0.211591
C-tri3,colorblind.io,tri3,palette (tritan),,tritan,#6C8CCC,1,#A48830,1,1,0.232988,0.2316,0.433764,0.452538,19.9661,62.0863,28.5449,0.262771
C-tri3,colorblind.io,tri3,palette (tritan),,tritan,#6C8CCC,1,#8C7A1C,1,1,0.232988,0.2316,0.433437,0.471854,19.0855,59.5771,26.2515,0.242156
C-tri3,colorblind.io,tri3,palette (tritan),,tritan,#6C8CCC,1,#968224,1,1,0.232988,0.2316,0.431541,0.466636,18.8842,59.96,26.4036,0.243903
C-tri3,colorblind.io,tri3,palette (tritan),,tritan,#6C8CCC,1,#9E8C2C,1,1,0.232988,0.2316,0.424949,0.465323,17.8581,59.0857,25.2557,0.23312
C-tri3,colorblind.io,tri3,palette (tritan),,tritan,#6C8CCC,1,#B09838,1,1,0.232988,0.2316,0.425418,0.455715,18.1057,60.4506,26.3135,0.24364
C-tri3,colorblind.io,tri3,palette (tritan),,tritan,#6C8CCC,1,#867418,1,1,0.232988,0.2316,0.435706,0.472814,19.5869,59.8011,26.6753,0.245315
C-tri3,colorblind.io,tri3,palette (tritan),,tritan,#6C8CCC,1,#A89030,1,1,0.232988,0.2316,0.429718,0.459213,18.5742,60.6473,26.7122,0.248087
C-tri3,colorblind.io,tri3,palette (tritan),,tritan,#6C8CCC,1,#7C6C14,1,1,0.232988,0.2316,0.43532,0.475054,19.8798,59.4565,26.5962,0.242401
C-tri3,colorblind.io,tri3,palette (tritan),,tritan,#6C8CCC,1,#B49C3C,1,1,0.232988,0.2316,0.423336,0.453951,17.8911,60.3613,26.1317,0.241536
C-tri3,colorblind.io,tri3,palette (tritan),,tritan,#6C8CCC,1,#908028,1,1,0.232988,0.2316,0.42384,0.465287,18.4313,58.9068,25.4512,0.231123
